date,price_rupees_per_kg,volume_quintals,promo_flag,year,month,day_of_week,day_of_year,week_of_year
2022-01-01,29.91,5558.83,0,2022,1,5,1,52
2022-01-02,31.77,5163.28,0,2022,1,6,2,52
2022-01-03,33.83,5464.17,0,2022,1,0,3,1
2022-01-04,34.32,4972.38,0,2022,1,1,4,1
2022-01-05,33.5,4933.86,0,2022,1,2,5,1
2022-01-06,34.85,5015.68,0,2022,1,3,6,1
2022-01-07,31.87,5187.07,0,2022,1,4,7,1
2022-01-08,30.93,5004.75,0,2022,1,5,8,1
2022-01-09,30.39,5081.79,0,2022,1,6,9,1
2022-01-10,30.79,4842.33,0,2022,1,0,10,2
2022-01-11,31.79,5030.33,0,2022,1,1,11,2
2022-01-12,31.31,5387.63,0,2022,1,2,12,2
2022-01-13,29.78,5219.57,0,2022,1,3,13,2
2022-01-14,31.41,5482.32,0,2022,1,4,14,2
2022-01-15,30.6,5164.6,0,2022,1,5,15,2
2022-01-16,30.4,4800.3,0,2022,1,6,16,2
2022-01-17,26.44,7004.09,1,2022,1,0,17,3
2022-01-18,30.26,5035.09,0,2022,1,1,18,3
2022-01-19,29.78,5190.78,0,2022,1,2,19,3
2022-01-20,30.88,5577.22,0,2022,1,3,20,3
2022-01-21,26.71,6352.45,1,2022,1,4,21,3
2022-01-22,30.97,5250.81,0,2022,1,5,22,3
2022-01-23,31.0,5188.04,0,2022,1,6,23,3
2022-01-24,33.28,5296.1,0,2022,1,0,24,4
2022-01-25,32.56,5378.4,0,2022,1,1,25,4
2022-01-26,32.51,5203.46,0,2022,1,2,26,4
2022-01-27,33.31,4976.55,0,2022,1,3,27,4
2022-01-28,28.95,6850.31,1,2022,1,4,28,4
2022-01-29,30.95,5602.99,0,2022,1,5,29,4
2022-01-30,30.31,5226.35,0,2022,1,6,30,4
2022-01-31,26.77,6719.07,1,2022,1,0,31,5
2022-02-01,29.24,5404.27,0,2022,2,1,32,5
2022-02-02,30.73,5225.23,0,2022,2,2,33,5
2022-02-03,30.46,4825.9,0,2022,2,3,34,5
2022-02-04,31.59,5242.39,0,2022,2,4,35,5
2022-02-05,31.91,4750.45,0,2022,2,5,36,5
2022-02-06,32.34,5245.19,0,2022,2,6,37,5
2022-02-07,33.54,4833.63,0,2022,2,0,38,6
2022-02-08,32.71,5125.42,0,2022,2,1,39,6
2022-02-09,33.85,5174.72,0,2022,2,2,40,6
2022-02-10,35.96,5688.12,0,2022,2,3,41,6
2022-02-11,35.51,5197.45,0,2022,2,4,42,6
2022-02-12,33.39,5489.83,0,2022,2,5,43,6
2022-02-13,32.04,5709.4,0,2022,2,6,44,6
2022-02-14,31.53,5320.51,0,2022,2,0,45,7
2022-02-15,30.52,5309.52,0,2022,2,1,46,7
2022-02-16,29.12,4974.14,0,2022,2,2,47,7
2022-02-17,29.75,5227.32,0,2022,2,3,48,7
2022-02-18,29.56,5055.13,0,2022,2,4,49,7
2022-02-19,29.98,5130.43,0,2022,2,5,50,7
2022-02-20,31.75,5723.65,0,2022,2,6,51,7
2022-02-21,30.85,5241.66,0,2022,2,0,52,8
2022-02-22,28.83,5045.5,0,2022,2,1,53,8
2022-02-23,28.66,5729.32,0,2022,2,2,54,8
2022-02-24,30.38,5517.52,0,2022,2,3,55,8
2022-02-25,31.56,5474.4,0,2022,2,4,56,8
2022-02-26,32.28,4534.25,0,2022,2,5,57,8
2022-02-27,31.22,5773.72,0,2022,2,6,58,8
2022-02-28,32.7,4947.37,0,2022,2,0,59,9
2022-03-01,34.24,5271.19,0,2022,3,1,60,9
2022-03-02,32.98,5858.12,0,2022,3,2,61,9
2022-03-03,33.24,5734.84,0,2022,3,3,62,9
2022-03-04,36.65,4624.11,0,2022,3,4,63,9
2022-03-05,35.03,4565.05,0,2022,3,5,64,9
2022-03-06,32.56,5551.32,0,2022,3,6,65,9
2022-03-07,35.53,5015.9,0,2022,3,0,66,10
2022-03-08,37.3,4734.61,0,2022,3,1,67,10
2022-03-09,36.17,5127.72,0,2022,3,2,68,10
2022-03-10,35.89,4906.52,0,2022,3,3,69,10
2022-03-11,33.99,5260.68,0,2022,3,4,70,10
2022-03-12,34.58,5041.19,0,2022,3,5,71,10
2022-03-13,36.52,5140.62,0,2022,3,6,72,10
2022-03-14,35.22,4720.51,0,2022,3,0,73,11
2022-03-15,36.33,5360.67,0,2022,3,1,74,11
2022-03-16,36.38,5140.5,0,2022,3,2,75,11
2022-03-17,36.46,5120.82,0,2022,3,3,76,11
2022-03-18,34.82,4673.76,0,2022,3,4,77,11
2022-03-19,33.77,5571.59,0,2022,3,5,78,11
2022-03-20,30.71,5210.37,0,2022,3,6,79,11
2022-03-21,30.43,5446.79,0,2022,3,0,80,12
2022-03-22,32.8,5013.18,0,2022,3,1,81,12
2022-03-23,31.31,5262.72,0,2022,3,2,82,12
2022-03-24,30.52,5313.34,0,2022,3,3,83,12
2022-03-25,32.14,4296.89,0,2022,3,4,84,12
2022-03-26,33.01,5274.44,0,2022,3,5,85,12
2022-03-27,34.15,5632.22,0,2022,3,6,86,12
2022-03-28,32.3,5297.1,0,2022,3,0,87,13
2022-03-29,36.74,4625.7,0,2022,3,1,88,13
2022-03-30,34.34,5227.94,0,2022,3,2,89,13
2022-03-31,34.89,5323.59,0,2022,3,3,90,13
2022-04-01,32.69,6702.03,1,2022,4,4,91,13
2022-04-02,33.65,5045.41,0,2022,4,5,92,13
2022-04-03,34.1,4972.22,0,2022,4,6,93,13
2022-04-04,35.15,4918.55,0,2022,4,0,94,14
2022-04-05,34.99,5209.65,0,2022,4,1,95,14
2022-04-06,37.36,4459.95,0,2022,4,2,96,14
2022-04-07,37.43,4766.83,0,2022,4,3,97,14
2022-04-08,35.75,5441.08,0,2022,4,4,98,14
2022-04-09,31.56,7172.62,1,2022,4,5,99,14
2022-04-10,36.58,4477.61,0,2022,4,6,100,14
2022-04-11,34.88,4666.69,0,2022,4,0,101,15
2022-04-12,36.32,4852.74,0,2022,4,1,102,15
2022-04-13,37.43,5146.05,0,2022,4,2,103,15
2022-04-14,35.95,4404.28,0,2022,4,3,104,15
2022-04-15,37.63,4852.25,0,2022,4,4,105,15
2022-04-16,34.77,4869.2,0,2022,4,5,106,15
2022-04-17,35.68,5363.76,0,2022,4,6,107,15
2022-04-18,35.71,4461.55,0,2022,4,0,108,16
2022-04-19,35.52,5001.77,0,2022,4,1,109,16
2022-04-20,33.73,4945.41,0,2022,4,2,110,16
2022-04-21,32.79,5551.33,0,2022,4,3,111,16
2022-04-22,35.95,5131.82,0,2022,4,4,112,16
2022-04-23,37.56,4696.13,0,2022,4,5,113,16
2022-04-24,38.02,5105.02,0,2022,4,6,114,16
2022-04-25,38.7,4698.19,0,2022,4,0,115,17
2022-04-26,39.13,5093.09,0,2022,4,1,116,17
2022-04-27,37.8,4788.92,0,2022,4,2,117,17
2022-04-28,37.56,5188.48,0,2022,4,3,118,17
2022-04-29,35.26,5117.7,0,2022,4,4,119,17
2022-04-30,35.89,5933.54,0,2022,4,5,120,17
2022-05-01,38.41,4813.69,0,2022,5,6,121,17
2022-05-02,37.57,4986.41,0,2022,5,0,122,18
2022-05-03,39.66,4623.03,0,2022,5,1,123,18
2022-05-04,39.87,4757.11,0,2022,5,2,124,18
2022-05-05,37.93,4042.95,0,2022,5,3,125,18
2022-05-06,37.09,5035.33,0,2022,5,4,126,18
2022-05-07,35.61,6724.0,1,2022,5,5,127,18
2022-05-08,40.87,4825.32,0,2022,5,6,128,18
2022-05-09,41.1,4300.99,0,2022,5,0,129,19
2022-05-10,40.68,4475.63,0,2022,5,1,130,19
2022-05-11,41.07,3967.54,0,2022,5,2,131,19
2022-05-12,42.28,4929.66,0,2022,5,3,132,19
2022-05-13,43.93,4251.32,0,2022,5,4,133,19
2022-05-14,45.06,4488.42,0,2022,5,5,134,19
2022-05-15,44.0,4503.74,0,2022,5,6,135,19
2022-05-16,42.33,5080.06,0,2022,5,0,136,20
2022-05-17,41.51,4700.27,0,2022,5,1,137,20
2022-05-18,41.38,4923.6,0,2022,5,2,138,20
2022-05-19,41.18,4854.74,0,2022,5,3,139,20
2022-05-20,42.14,5050.61,0,2022,5,4,140,20
2022-05-21,43.96,4480.1,0,2022,5,5,141,20
2022-05-22,37.26,6792.66,1,2022,5,6,142,20
2022-05-23,43.67,3970.74,0,2022,5,0,143,21
2022-05-24,43.58,4828.16,0,2022,5,1,144,21
2022-05-25,41.65,4407.27,0,2022,5,2,145,21
2022-05-26,42.78,4463.24,0,2022,5,3,146,21
2022-05-27,43.94,4723.61,0,2022,5,4,147,21
2022-05-28,37.49,6285.94,1,2022,5,5,148,21
2022-05-29,43.49,4757.42,0,2022,5,6,149,21
2022-05-30,43.93,4137.45,0,2022,5,0,150,22
2022-05-31,46.34,4867.65,0,2022,5,1,151,22
2022-06-01,43.99,4280.13,0,2022,6,2,152,22
2022-06-02,42.61,4389.46,0,2022,6,3,153,22
2022-06-03,39.27,4978.07,0,2022,6,4,154,22
2022-06-04,40.95,4616.65,0,2022,6,5,155,22
2022-06-05,41.93,4745.96,0,2022,6,6,156,22
2022-06-06,41.29,4038.65,0,2022,6,0,157,23
2022-06-07,41.61,4754.94,0,2022,6,1,158,23
2022-06-08,40.01,4815.08,0,2022,6,2,159,23
2022-06-09,42.64,4465.17,0,2022,6,3,160,23
2022-06-10,41.91,4032.4,0,2022,6,4,161,23
2022-06-11,46.71,4350.87,0,2022,6,5,162,23
2022-06-12,45.07,4485.3,0,2022,6,6,163,23
2022-06-13,42.94,4492.86,0,2022,6,0,164,24
2022-06-14,41.85,4106.85,0,2022,6,1,165,24
2022-06-15,39.45,5255.97,0,2022,6,2,166,24
2022-06-16,40.48,4534.43,0,2022,6,3,167,24
2022-06-17,39.71,4697.61,0,2022,6,4,168,24
2022-06-18,41.39,3957.89,0,2022,6,5,169,24
2022-06-19,40.34,5211.5,0,2022,6,6,170,24
2022-06-20,42.01,4509.6,0,2022,6,0,171,25
2022-06-21,42.17,4670.86,0,2022,6,1,172,25
2022-06-22,41.16,5028.28,0,2022,6,2,173,25
2022-06-23,42.77,4408.72,0,2022,6,3,174,25
2022-06-24,39.23,6357.45,1,2022,6,4,175,25
2022-06-25,46.16,3823.82,0,2022,6,5,176,25
2022-06-26,43.43,4744.02,0,2022,6,6,177,25
2022-06-27,42.34,5104.57,0,2022,6,0,178,26
2022-06-28,43.94,4378.9,0,2022,6,1,179,26
2022-06-29,40.52,5059.58,0,2022,6,2,180,26
2022-06-30,42.56,5172.13,0,2022,6,3,181,26
2022-07-01,42.82,4532.74,0,2022,7,4,182,26
2022-07-02,41.14,4591.51,0,2022,7,5,183,26
2022-07-03,39.39,4510.8,0,2022,7,6,184,26
2022-07-04,39.32,4630.96,0,2022,7,0,185,27
2022-07-05,36.95,4657.82,0,2022,7,1,186,27
2022-07-06,38.06,4577.31,0,2022,7,2,187,27
2022-07-07,40.55,5082.16,0,2022,7,3,188,27
2022-07-08,40.66,4479.85,0,2022,7,4,189,27
2022-07-09,43.53,4651.14,0,2022,7,5,190,27
2022-07-10,45.9,4466.45,0,2022,7,6,191,27
2022-07-11,46.92,4853.64,0,2022,7,0,192,28
2022-07-12,45.97,4300.77,0,2022,7,1,193,28
2022-07-13,41.35,4796.71,0,2022,7,2,194,28
2022-07-14,40.42,4966.12,0,2022,7,3,195,28
2022-07-15,40.47,5173.22,0,2022,7,4,196,28
2022-07-16,39.23,4632.96,0,2022,7,5,197,28
2022-07-17,39.35,4597.07,0,2022,7,6,198,28
2022-07-18,41.92,4335.57,0,2022,7,0,199,29
2022-07-19,38.7,5485.71,0,2022,7,1,200,29
2022-07-20,41.53,5088.82,0,2022,7,2,201,29
2022-07-21,42.03,4635.78,0,2022,7,3,202,29
2022-07-22,41.39,5259.69,0,2022,7,4,203,29
2022-07-23,39.44,4747.32,0,2022,7,5,204,29
2022-07-24,37.83,5075.83,0,2022,7,6,205,29
2022-07-25,35.6,4973.25,0,2022,7,0,206,30
2022-07-26,39.1,4914.47,0,2022,7,1,207,30
2022-07-27,41.36,4769.76,0,2022,7,2,208,30
2022-07-28,38.62,4691.67,0,2022,7,3,209,30
2022-07-29,38.09,5173.06,0,2022,7,4,210,30
2022-07-30,39.33,4998.23,0,2022,7,5,211,30
2022-07-31,39.23,5096.86,0,2022,7,6,212,30
2022-08-01,36.86,5003.11,0,2022,8,0,213,31
2022-08-02,37.22,4617.26,0,2022,8,1,214,31
2022-08-03,41.49,5188.32,0,2022,8,2,215,31
2022-08-04,40.76,4632.99,0,2022,8,3,216,31
2022-08-05,40.97,4810.73,0,2022,8,4,217,31
2022-08-06,39.69,4956.24,0,2022,8,5,218,31
2022-08-07,56.97,4008.95,0,2022,8,6,219,31
2022-08-08,55.97,4226.13,0,2022,8,0,220,32
2022-08-09,53.64,4389.82,0,2022,8,1,221,32
2022-08-10,50.83,4141.14,0,2022,8,2,222,32
2022-08-11,52.58,4608.75,0,2022,8,3,223,32
2022-08-12,48.94,4222.68,0,2022,8,4,224,32
2022-08-13,49.23,4389.71,0,2022,8,5,225,32
2022-08-14,45.1,4378.55,0,2022,8,6,226,32
2022-08-15,46.18,4238.74,0,2022,8,0,227,33
2022-08-16,47.03,4711.95,0,2022,8,1,228,33
2022-08-17,47.51,5311.01,0,2022,8,2,229,33
2022-08-18,45.7,4356.54,0,2022,8,3,230,33
2022-08-19,46.81,4774.23,0,2022,8,4,231,33
2022-08-20,48.46,4229.26,0,2022,8,5,232,33
2022-08-21,45.5,4472.06,0,2022,8,6,233,33
2022-08-22,43.09,5122.91,0,2022,8,0,234,34
2022-08-23,42.2,4318.05,0,2022,8,1,235,34
2022-08-24,40.57,4320.17,0,2022,8,2,236,34
2022-08-25,39.17,4765.11,0,2022,8,3,237,34
2022-08-26,38.33,5032.62,0,2022,8,4,238,34
2022-08-27,41.14,4831.87,0,2022,8,5,239,34
2022-08-28,41.75,4770.66,0,2022,8,6,240,34
2022-08-29,40.37,4741.95,0,2022,8,0,241,35
2022-08-30,36.52,5160.11,0,2022,8,1,242,35
2022-08-31,32.61,5345.65,1,2022,8,2,243,35
2022-09-01,37.57,4646.31,0,2022,9,3,244,35
2022-09-02,35.32,4956.07,0,2022,9,4,245,35
2022-09-03,37.43,5089.8,0,2022,9,5,246,35
2022-09-04,36.92,5350.69,0,2022,9,6,247,35
2022-09-05,38.34,4567.67,0,2022,9,0,248,36
2022-09-06,39.29,5222.79,0,2022,9,1,249,36
2022-09-07,40.01,4613.5,0,2022,9,2,250,36
2022-09-08,35.37,6184.97,1,2022,9,3,251,36
2022-09-09,38.78,4985.38,0,2022,9,4,252,36
2022-09-10,38.05,4786.58,0,2022,9,5,253,36
2022-09-11,39.23,5121.65,0,2022,9,6,254,36
2022-09-12,40.4,4608.69,0,2022,9,0,255,37
2022-09-13,38.03,4731.62,0,2022,9,1,256,37
2022-09-14,37.96,5167.49,0,2022,9,2,257,37
2022-09-15,38.12,4615.03,0,2022,9,3,258,37
2022-09-16,38.05,4922.25,0,2022,9,4,259,37
2022-09-17,37.82,4361.03,0,2022,9,5,260,37
2022-09-18,36.66,5462.97,0,2022,9,6,261,37
2022-09-19,36.75,5274.7,0,2022,9,0,262,38
2022-09-20,37.21,5714.36,0,2022,9,1,263,38
2022-09-21,33.99,6908.17,1,2022,9,2,264,38
2022-09-22,36.93,4564.74,0,2022,9,3,265,38
2022-09-23,37.76,5062.6,0,2022,9,4,266,38
2022-09-24,34.09,4769.97,0,2022,9,5,267,38
2022-09-25,35.76,5435.62,0,2022,9,6,268,38
2022-09-26,36.08,4615.53,0,2022,9,0,269,39
2022-09-27,34.22,4694.5,0,2022,9,1,270,39
2022-09-28,35.88,4473.04,0,2022,9,2,271,39
2022-09-29,35.36,4835.61,0,2022,9,3,272,39
2022-09-30,35.31,4777.46,0,2022,9,4,273,39
2022-10-01,35.03,4619.89,0,2022,10,5,274,39
2022-10-02,36.16,5538.91,0,2022,10,6,275,39
2022-10-03,35.42,5138.1,0,2022,10,0,276,40
2022-10-04,37.51,4998.29,0,2022,10,1,277,40
2022-10-05,37.47,5353.29,0,2022,10,2,278,40
2022-10-06,37.14,4970.02,0,2022,10,3,279,40
2022-10-07,38.59,4596.11,0,2022,10,4,280,40
2022-10-08,37.97,4341.59,0,2022,10,5,281,40
2022-10-09,39.38,4539.37,0,2022,10,6,282,40
2022-10-10,40.34,5184.67,0,2022,10,0,283,41
2022-10-11,37.43,4501.86,0,2022,10,1,284,41
2022-10-12,38.93,4909.31,0,2022,10,2,285,41
2022-10-13,35.98,5261.13,0,2022,10,3,286,41
2022-10-14,37.71,4950.26,0,2022,10,4,287,41
2022-10-15,35.96,6328.3,1,2022,10,5,288,41
2022-10-16,39.77,4958.19,0,2022,10,6,289,41
2022-10-17,34.88,5119.97,0,2022,10,0,290,42
2022-10-18,36.13,5426.07,0,2022,10,1,291,42
2022-10-19,38.65,4505.17,0,2022,10,2,292,42
2022-10-20,36.49,4997.84,0,2022,10,3,293,42
2022-10-21,35.28,4440.32,0,2022,10,4,294,42
2022-10-22,32.65,4495.14,0,2022,10,5,295,42
2022-10-23,33.04,5073.69,0,2022,10,6,296,42
2022-10-24,34.74,5176.03,0,2022,10,0,297,43
2022-10-25,35.1,5483.98,0,2022,10,1,298,43
2022-10-26,39.08,5521.85,0,2022,10,2,299,43
2022-10-27,37.28,5281.88,0,2022,10,3,300,43
2022-10-28,33.62,5286.98,0,2022,10,4,301,43
2022-10-29,33.88,5104.16,0,2022,10,5,302,43
2022-10-30,30.29,4776.01,0,2022,10,6,303,43
2022-10-31,30.73,5169.67,0,2022,10,0,304,44
2022-11-01,34.39,5417.55,0,2022,11,1,305,44
2022-11-02,35.11,5263.82,0,2022,11,2,306,44
2022-11-03,35.49,4589.43,0,2022,11,3,307,44
2022-11-04,38.29,5019.47,0,2022,11,4,308,44
2022-11-05,37.17,5050.12,0,2022,11,5,309,44
2022-11-06,38.7,4919.95,0,2022,11,6,310,44
2022-11-07,38.07,4838.23,0,2022,11,0,311,45
2022-11-08,37.97,5051.33,0,2022,11,1,312,45
2022-11-09,35.44,5187.38,0,2022,11,2,313,45
2022-11-10,34.68,4823.67,0,2022,11,3,314,45
2022-11-11,32.66,5253.49,0,2022,11,4,315,45
2022-11-12,30.26,6551.67,1,2022,11,5,316,45
2022-11-13,31.49,5989.14,1,2022,11,6,317,45
2022-11-14,32.14,4974.71,0,2022,11,0,318,46
2022-11-15,35.46,4508.09,0,2022,11,1,319,46
2022-11-16,34.97,5295.67,0,2022,11,2,320,46
2022-11-17,34.15,5149.39,0,2022,11,3,321,46
2022-11-18,34.51,4917.9,0,2022,11,4,322,46
2022-11-19,29.81,7232.67,1,2022,11,5,323,46
2022-11-20,32.07,5166.89,0,2022,11,6,324,46
2022-11-21,28.48,6230.4,1,2022,11,0,325,47
2022-11-22,32.88,4973.99,0,2022,11,1,326,47
2022-11-23,30.58,5710.88,0,2022,11,2,327,47
2022-11-24,30.68,5015.4,0,2022,11,3,328,47
2022-11-25,31.19,5272.85,0,2022,11,4,329,47
2022-11-26,31.73,5386.46,0,2022,11,5,330,47
2022-11-27,30.75,5389.65,0,2022,11,6,331,47
2022-11-28,29.7,5999.87,0,2022,11,0,332,48
2022-11-29,29.59,4917.84,0,2022,11,1,333,48
2022-11-30,31.28,4863.1,0,2022,11,2,334,48
2022-12-01,31.59,4822.73,0,2022,12,3,335,48
2022-12-02,33.34,4994.46,0,2022,12,4,336,48
2022-12-03,34.19,5370.27,0,2022,12,5,337,48
2022-12-04,26.42,6373.77,1,2022,12,6,338,48
2022-12-05,32.2,5473.95,0,2022,12,0,339,49
2022-12-06,36.27,4947.27,0,2022,12,1,340,49
2022-12-07,37.74,4530.31,0,2022,12,2,341,49
2022-12-08,37.41,4354.32,0,2022,12,3,342,49
2022-12-09,34.91,4546.29,0,2022,12,4,343,49
2022-12-10,35.4,4780.3,0,2022,12,5,344,49
2022-12-11,36.04,4897.12,0,2022,12,6,345,49
2022-12-12,34.89,5409.33,0,2022,12,0,346,50
2022-12-13,34.81,5249.32,0,2022,12,1,347,50
2022-12-14,32.5,6081.89,1,2022,12,2,348,50
2022-12-15,30.72,6736.4,1,2022,12,3,349,50
2022-12-16,31.56,5667.55,0,2022,12,4,350,50
2022-12-17,32.47,5688.92,0,2022,12,5,351,50
2022-12-18,32.62,5024.7,0,2022,12,6,352,50
2022-12-19,33.47,5363.77,0,2022,12,0,353,51
2022-12-20,33.3,5502.18,0,2022,12,1,354,51
2022-12-21,31.4,4727.75,0,2022,12,2,355,51
2022-12-22,29.36,6524.87,1,2022,12,3,356,51
2022-12-23,26.02,7737.92,1,2022,12,4,357,51
2022-12-24,29.05,5207.16,0,2022,12,5,358,51
2022-12-25,30.08,4367.47,0,2022,12,6,359,51
2022-12-26,29.58,5234.69,0,2022,12,0,360,52
2022-12-27,33.58,5408.46,0,2022,12,1,361,52
2022-12-28,29.96,5254.03,0,2022,12,2,362,52
2022-12-29,29.58,5485.8,0,2022,12,3,363,52
2022-12-30,28.87,5588.18,0,2022,12,4,364,52
2022-12-31,28.87,5200.08,0,2022,12,5,365,52
2023-01-01,29.1,5139.35,0,2023,1,6,1,52
2023-01-02,28.36,5377.98,0,2023,1,0,2,1
2023-01-03,31.08,5249.4,0,2023,1,1,3,1
2023-01-04,31.13,5209.95,0,2023,1,2,4,1
2023-01-05,32.29,5163.85,0,2023,1,3,5,1
2023-01-06,32.26,4912.58,0,2023,1,4,6,1
2023-01-07,31.86,5382.01,0,2023,1,5,7,1
2023-01-08,35.11,5174.02,0,2023,1,6,8,1
2023-01-09,31.74,5899.29,1,2023,1,0,9,2
2023-01-10,32.75,4995.86,0,2023,1,1,10,2
2023-01-11,30.06,5274.77,0,2023,1,2,11,2
2023-01-12,32.6,4959.77,0,2023,1,3,12,2
2023-01-13,31.91,5345.91,0,2023,1,4,13,2
2023-01-14,29.6,5250.16,0,2023,1,5,14,2
2023-01-15,28.38,6768.33,1,2023,1,6,15,2
2023-01-16,32.04,5027.55,0,2023,1,0,16,3
2023-01-17,32.16,4544.09,0,2023,1,1,17,3
2023-01-18,32.97,4486.37,0,2023,1,2,18,3
2023-01-19,30.27,5413.16,0,2023,1,3,19,3
2023-01-20,27.84,5437.86,0,2023,1,4,20,3
2023-01-21,30.93,5335.18,0,2023,1,5,21,3
2023-01-22,28.56,5362.56,0,2023,1,6,22,3
2023-01-23,27.24,5452.25,0,2023,1,0,23,4
2023-01-24,26.68,5706.83,0,2023,1,1,24,4
2023-01-25,31.02,5332.5,0,2023,1,2,25,4
2023-01-26,28.16,7115.1,1,2023,1,3,26,4
2023-01-27,33.15,5143.8,0,2023,1,4,27,4
2023-01-28,33.1,5004.85,0,2023,1,5,28,4
2023-01-29,32.02,5207.26,0,2023,1,6,29,4
2023-01-30,33.27,4835.62,0,2023,1,0,30,5
2023-01-31,31.02,5085.08,0,2023,1,1,31,5
2023-02-01,30.28,5289.11,0,2023,2,2,32,5
2023-02-02,32.64,5167.07,0,2023,2,3,33,5
2023-02-03,31.28,5154.16,0,2023,2,4,34,5
2023-02-04,32.17,4725.18,0,2023,2,5,35,5
2023-02-05,32.93,5294.64,0,2023,2,6,36,5
2023-02-06,32.92,5354.36,0,2023,2,0,37,6
2023-02-07,30.79,5703.63,0,2023,2,1,38,6
2023-02-08,27.64,6915.08,1,2023,2,2,39,6
2023-02-09,31.26,5187.54,0,2023,2,3,40,6
2023-02-10,32.66,4812.95,0,2023,2,4,41,6
2023-02-11,33.48,5523.64,0,2023,2,5,42,6
2023-02-12,34.35,5107.08,0,2023,2,6,43,6
2023-02-13,33.25,5145.34,0,2023,2,0,44,7
2023-02-14,29.57,6455.2,1,2023,2,1,45,7
2023-02-15,31.56,5076.43,0,2023,2,2,46,7
2023-02-16,29.23,5494.99,0,2023,2,3,47,7
2023-02-17,26.72,5107.36,0,2023,2,4,48,7
2023-02-18,36.2,5427.38,0,2023,2,5,49,7
2023-02-19,35.59,5392.74,0,2023,2,6,50,7
2023-02-20,37.27,4780.18,0,2023,2,0,51,8
2023-02-21,36.13,4684.11,0,2023,2,1,52,8
2023-02-22,36.61,4315.05,0,2023,2,2,53,8
2023-02-23,37.68,4490.71,0,2023,2,3,54,8
2023-02-24,36.15,5161.7,0,2023,2,4,55,8
2023-02-25,36.55,5016.87,0,2023,2,5,56,8
2023-02-26,37.93,5001.41,0,2023,2,6,57,8
2023-02-27,35.6,4416.22,0,2023,2,0,58,9
2023-02-28,35.95,4833.84,0,2023,2,1,59,9
2023-03-01,35.23,5398.78,0,2023,3,2,60,9
2023-03-02,34.09,5016.7,0,2023,3,3,61,9
2023-03-03,32.86,4725.53,0,2023,3,4,62,9
2023-03-04,32.61,5086.02,0,2023,3,5,63,9
2023-03-05,31.53,6238.17,1,2023,3,6,64,9
2023-03-06,33.22,5189.03,0,2023,3,0,65,10
2023-03-07,34.04,5054.38,0,2023,3,1,66,10
2023-03-08,36.68,5079.09,0,2023,3,2,67,10
2023-03-09,37.98,4485.51,0,2023,3,3,68,10
2023-03-10,37.4,4745.35,0,2023,3,4,69,10
2023-03-11,40.27,5063.49,0,2023,3,5,70,10
2023-03-12,42.51,4218.02,0,2023,3,6,71,10
2023-03-13,41.19,4389.7,0,2023,3,0,72,11
2023-03-14,36.41,4989.53,0,2023,3,1,73,11
2023-03-15,37.97,4937.67,0,2023,3,2,74,11
2023-03-16,34.16,4895.32,0,2023,3,3,75,11
2023-03-17,37.02,4815.39,0,2023,3,4,76,11
2023-03-18,38.31,4994.39,0,2023,3,5,77,11
2023-03-19,40.14,4998.0,0,2023,3,6,78,11
2023-03-20,39.05,4476.76,0,2023,3,0,79,12
2023-03-21,32.11,6493.86,1,2023,3,1,80,12
2023-03-22,35.86,5410.62,0,2023,3,2,81,12
2023-03-23,34.7,4980.27,0,2023,3,3,82,12
2023-03-24,35.9,4631.03,0,2023,3,4,83,12
2023-03-25,36.6,4582.0,0,2023,3,5,84,12
2023-03-26,36.28,4887.75,0,2023,3,6,85,12
2023-03-27,34.89,5316.21,0,2023,3,0,86,13
2023-03-28,39.07,4784.35,0,2023,3,1,87,13
2023-03-29,35.47,6277.35,1,2023,3,2,88,13
2023-03-30,36.3,4636.2,0,2023,3,3,89,13
2023-03-31,35.8,5254.79,0,2023,3,4,90,13
2023-04-01,37.8,4516.37,0,2023,4,5,91,13
2023-04-02,36.77,4760.36,0,2023,4,6,92,13
2023-04-03,37.93,5042.59,0,2023,4,0,93,14
2023-04-04,39.78,4148.96,0,2023,4,1,94,14
2023-04-05,34.7,5067.22,0,2023,4,2,95,14
2023-04-06,32.62,6019.23,1,2023,4,3,96,14
2023-04-07,37.32,4889.0,0,2023,4,4,97,14
2023-04-08,37.66,4761.36,0,2023,4,5,98,14
2023-04-09,34.26,7062.15,1,2023,4,6,99,14
2023-04-10,40.44,4610.25,0,2023,4,0,100,15
2023-04-11,40.64,5270.89,0,2023,4,1,101,15
2023-04-12,34.15,6407.73,1,2023,4,2,102,15
2023-04-13,40.88,4465.64,0,2023,4,3,103,15
2023-04-14,37.75,6267.72,1,2023,4,4,104,15
2023-04-15,39.8,4668.5,0,2023,4,5,105,15
2023-04-16,37.54,4945.8,0,2023,4,6,106,15
2023-04-17,35.46,4762.81,0,2023,4,0,107,16
2023-04-18,34.25,5544.7,0,2023,4,1,108,16
2023-04-19,35.72,5241.72,0,2023,4,2,109,16
2023-04-20,36.14,4952.76,0,2023,4,3,110,16
2023-04-21,31.02,7221.63,1,2023,4,4,111,16
2023-04-22,36.13,4965.76,0,2023,4,5,112,16
2023-04-23,38.52,5153.09,0,2023,4,6,113,16
2023-04-24,37.27,4898.01,0,2023,4,0,114,17
2023-04-25,34.74,5131.34,0,2023,4,1,115,17
2023-04-26,34.6,4995.71,0,2023,4,2,116,17
2023-04-27,36.96,4930.79,0,2023,4,3,117,17
2023-04-28,38.28,4887.13,0,2023,4,4,118,17
2023-04-29,37.15,4691.57,0,2023,4,5,119,17
2023-04-30,40.18,4620.44,0,2023,4,6,120,17
2023-05-01,42.22,4574.19,0,2023,5,0,121,18
2023-05-02,40.68,4784.87,0,2023,5,1,122,18
2023-05-03,39.75,4753.32,0,2023,5,2,123,18
2023-05-04,39.47,5128.35,0,2023,5,3,124,18
2023-05-05,39.53,5027.45,0,2023,5,4,125,18
2023-05-06,41.87,4597.51,0,2023,5,5,126,18
2023-05-07,42.8,5024.4,0,2023,5,6,127,18
2023-05-08,44.19,5102.63,0,2023,5,0,128,19
2023-05-09,44.87,3893.21,0,2023,5,1,129,19
2023-05-10,46.91,4684.18,0,2023,5,2,130,19
2023-05-11,40.29,5635.51,1,2023,5,3,131,19
2023-05-12,44.3,4775.02,0,2023,5,4,132,19
2023-05-13,40.5,5096.27,0,2023,5,5,133,19
2023-05-14,39.03,4535.46,0,2023,5,6,134,19
2023-05-15,37.04,5469.12,1,2023,5,0,135,20
2023-05-16,40.87,4957.34,0,2023,5,1,136,20
2023-05-17,40.75,4753.25,0,2023,5,2,137,20
2023-05-18,39.85,4257.04,0,2023,5,3,138,20
2023-05-19,39.38,5539.95,0,2023,5,4,139,20
2023-05-20,41.6,4857.54,0,2023,5,5,140,20
2023-05-21,40.45,4928.72,0,2023,5,6,141,20
2023-05-22,42.79,5020.02,0,2023,5,0,142,21
2023-05-23,40.01,5754.43,1,2023,5,1,143,21
2023-05-24,42.62,4658.0,0,2023,5,2,144,21
2023-05-25,39.93,4357.71,0,2023,5,3,145,21
2023-05-26,41.3,4502.42,0,2023,5,4,146,21
2023-05-27,40.21,4855.01,0,2023,5,5,147,21
2023-05-28,38.51,4324.7,0,2023,5,6,148,21
2023-05-29,40.02,4558.17,0,2023,5,0,149,22
2023-05-30,38.37,4553.24,0,2023,5,1,150,22
2023-05-31,38.31,4877.36,0,2023,5,2,151,22
2023-06-01,39.55,4945.07,0,2023,6,3,152,22
2023-06-02,43.91,4777.07,0,2023,6,4,153,22
2023-06-03,42.75,4912.04,0,2023,6,5,154,22
2023-06-04,42.41,5041.07,0,2023,6,6,155,22
2023-06-05,44.07,4728.87,0,2023,6,0,156,23
2023-06-06,42.35,5198.61,0,2023,6,1,157,23
2023-06-07,54.38,4067.09,0,2023,6,2,158,23
2023-06-08,55.5,3923.11,0,2023,6,3,159,23
2023-06-09,53.8,4242.0,0,2023,6,4,160,23
2023-06-10,54.4,3965.17,0,2023,6,5,161,23
2023-06-11,53.48,4631.64,0,2023,6,6,162,23
2023-06-12,51.07,4535.76,0,2023,6,0,163,24
2023-06-13,49.94,4478.16,0,2023,6,1,164,24
2023-06-14,48.63,4358.07,0,2023,6,2,165,24
2023-06-15,47.9,4232.59,0,2023,6,3,166,24
2023-06-16,47.52,4584.4,0,2023,6,4,167,24
2023-06-17,47.68,4027.92,0,2023,6,5,168,24
2023-06-18,47.46,4837.2,0,2023,6,6,169,24
2023-06-19,42.71,4561.11,0,2023,6,0,170,25
2023-06-20,42.73,4705.2,0,2023,6,1,171,25
2023-06-21,40.49,4452.83,0,2023,6,2,172,25
2023-06-22,40.67,4933.55,0,2023,6,3,173,25
2023-06-23,40.95,4566.19,0,2023,6,4,174,25
2023-06-24,42.77,4806.23,0,2023,6,5,175,25
2023-06-25,42.53,4850.6,0,2023,6,6,176,25
2023-06-26,42.83,4414.23,0,2023,6,0,177,26
2023-06-27,43.9,4218.12,0,2023,6,1,178,26
2023-06-28,45.38,4940.71,0,2023,6,2,179,26
2023-06-29,44.49,4467.91,0,2023,6,3,180,26
2023-06-30,44.31,4602.19,0,2023,6,4,181,26
2023-07-01,44.17,4687.04,0,2023,7,5,182,26
2023-07-02,43.37,4205.31,0,2023,7,6,183,26
2023-07-03,35.98,6238.63,1,2023,7,0,184,27
2023-07-04,39.17,4821.01,0,2023,7,1,185,27
2023-07-05,39.24,4595.17,0,2023,7,2,186,27
2023-07-06,38.31,4487.72,0,2023,7,3,187,27
2023-07-07,42.26,4818.67,0,2023,7,4,188,27
2023-07-08,43.46,4915.46,0,2023,7,5,189,27
2023-07-09,43.82,4612.62,0,2023,7,6,190,27
2023-07-10,43.15,4162.04,0,2023,7,0,191,28
2023-07-11,43.75,4245.52,0,2023,7,1,192,28
2023-07-12,42.76,4482.5,0,2023,7,2,193,28
2023-07-13,43.49,5044.92,0,2023,7,3,194,28
2023-07-14,43.98,4476.87,0,2023,7,4,195,28
2023-07-15,42.53,4483.09,0,2023,7,5,196,28
2023-07-16,41.33,4181.31,0,2023,7,6,197,28
2023-07-17,43.11,4397.31,0,2023,7,0,198,29
2023-07-18,42.7,4245.34,0,2023,7,1,199,29
2023-07-19,41.18,4390.08,0,2023,7,2,200,29
2023-07-20,40.62,4755.04,0,2023,7,3,201,29
2023-07-21,39.17,4671.03,0,2023,7,4,202,29
2023-07-22,39.51,5284.57,0,2023,7,5,203,29
2023-07-23,41.04,5021.17,0,2023,7,6,204,29
2023-07-24,40.82,4526.36,0,2023,7,0,205,30
2023-07-25,44.26,4261.74,0,2023,7,1,206,30
2023-07-26,43.81,4974.52,0,2023,7,2,207,30
2023-07-27,43.27,5084.71,0,2023,7,3,208,30
2023-07-28,35.2,5236.54,1,2023,7,4,209,30
2023-07-29,40.99,4728.32,0,2023,7,5,210,30
2023-07-30,40.11,4669.18,0,2023,7,6,211,30
2023-07-31,51.72,4358.84,0,2023,7,0,212,31
2023-08-01,53.41,4662.31,0,2023,8,1,213,31
2023-08-02,52.22,3994.01,0,2023,8,2,214,31
2023-08-03,50.87,3588.21,0,2023,8,3,215,31
2023-08-04,51.26,4360.66,0,2023,8,4,216,31
2023-08-05,51.86,4573.97,0,2023,8,5,217,31
2023-08-06,50.9,4113.91,0,2023,8,6,218,31
2023-08-07,50.56,4010.34,0,2023,8,0,219,32
2023-08-08,51.3,4053.99,0,2023,8,1,220,32
2023-08-09,49.98,4506.0,0,2023,8,2,221,32
2023-08-10,49.87,4120.2,0,2023,8,3,222,32
2023-08-11,46.65,4516.24,0,2023,8,4,223,32
2023-08-12,44.81,4518.03,0,2023,8,5,224,32
2023-08-13,39.67,5751.47,1,2023,8,6,225,32
2023-08-14,43.87,4767.13,0,2023,8,0,226,33
2023-08-15,44.39,4387.09,0,2023,8,1,227,33
2023-08-16,43.95,4423.2,0,2023,8,2,228,33
2023-08-17,43.1,4834.08,0,2023,8,3,229,33
2023-08-18,41.61,4373.41,0,2023,8,4,230,33
2023-08-19,42.99,4336.58,0,2023,8,5,231,33
2023-08-20,41.1,5357.11,1,2023,8,6,232,33
2023-08-21,44.17,4796.34,0,2023,8,0,233,34
2023-08-22,43.5,4543.4,0,2023,8,1,234,34
2023-08-23,41.46,4283.13,0,2023,8,2,235,34
2023-08-24,39.22,5045.38,0,2023,8,3,236,34
2023-08-25,39.37,4614.61,0,2023,8,4,237,34
2023-08-26,38.11,4583.11,0,2023,8,5,238,34
2023-08-27,35.12,4935.36,0,2023,8,6,239,34
2023-08-28,37.72,5307.63,0,2023,8,0,240,35
2023-08-29,39.72,4645.46,0,2023,8,1,241,35
2023-08-30,38.67,4988.95,0,2023,8,2,242,35
2023-08-31,39.72,4982.36,0,2023,8,3,243,35
2023-09-01,41.7,4797.9,0,2023,9,4,244,35
2023-09-02,42.01,5030.89,0,2023,9,5,245,35
2023-09-03,40.22,4526.62,0,2023,9,6,246,35
2023-09-04,40.5,4412.17,0,2023,9,0,247,36
2023-09-05,43.08,4276.95,0,2023,9,1,248,36
2023-09-06,43.31,4541.4,0,2023,9,2,249,36
2023-09-07,56.1,3660.75,0,2023,9,3,250,36
2023-09-08,55.04,4042.49,0,2023,9,4,251,36
2023-09-09,52.2,4163.17,0,2023,9,5,252,36
2023-09-10,50.27,4542.31,0,2023,9,6,253,36
2023-09-11,50.05,4334.97,0,2023,9,0,254,37
2023-09-12,50.31,4109.9,0,2023,9,1,255,37
2023-09-13,50.6,4343.13,0,2023,9,2,256,37
2023-09-14,47.57,4062.43,0,2023,9,3,257,37
2023-09-15,47.09,4384.13,0,2023,9,4,258,37
2023-09-16,47.6,4465.87,0,2023,9,5,259,37
2023-09-17,44.43,4567.32,0,2023,9,6,260,37
2023-09-18,45.68,4590.62,0,2023,9,0,261,38
2023-09-19,46.56,4228.63,0,2023,9,1,262,38
2023-09-20,48.47,4671.87,0,2023,9,2,263,38
2023-09-21,38.52,6686.83,1,2023,9,3,264,38
2023-09-22,41.55,4191.78,0,2023,9,4,265,38
2023-09-23,41.35,4317.75,0,2023,9,5,266,38
2023-09-24,41.17,4704.26,0,2023,9,6,267,38
2023-09-25,41.57,4594.39,0,2023,9,0,268,39
2023-09-26,41.4,5249.11,0,2023,9,1,269,39
2023-09-27,40.02,4815.08,0,2023,9,2,270,39
2023-09-28,41.14,5110.71,0,2023,9,3,271,39
2023-09-29,38.6,4205.36,0,2023,9,4,272,39
2023-09-30,33.05,6586.74,1,2023,9,5,273,39
2023-10-01,36.02,5832.76,1,2023,10,6,274,39
2023-10-02,38.56,4602.57,0,2023,10,0,275,40
2023-10-03,37.83,4783.9,0,2023,10,1,276,40
2023-10-04,39.43,4351.0,0,2023,10,2,277,40
2023-10-05,40.2,4872.77,0,2023,10,3,278,40
2023-10-06,38.88,4863.38,0,2023,10,4,279,40
2023-10-07,38.65,4897.31,0,2023,10,5,280,40
2023-10-08,37.33,5149.6,0,2023,10,6,281,40
2023-10-09,39.6,5224.31,0,2023,10,0,282,41
2023-10-10,39.27,4677.63,0,2023,10,1,283,41
2023-10-11,42.0,4793.14,0,2023,10,2,284,41
2023-10-12,56.39,4018.16,0,2023,10,3,285,41
2023-10-13,53.82,4172.45,0,2023,10,4,286,41
2023-10-14,51.42,4297.01,0,2023,10,5,287,41
2023-10-15,49.41,4756.53,0,2023,10,6,288,41
2023-10-16,48.14,4205.35,0,2023,10,0,289,42
2023-10-17,50.46,3769.17,0,2023,10,1,290,42
2023-10-18,47.46,4167.45,0,2023,10,2,291,42
2023-10-19,45.1,4722.31,0,2023,10,3,292,42
2023-10-20,43.72,4571.02,0,2023,10,4,293,42
2023-10-21,44.05,4407.1,0,2023,10,5,294,42
2023-10-22,37.06,5734.38,1,2023,10,6,295,42
2023-10-23,40.36,4798.19,0,2023,10,0,296,43
2023-10-24,38.37,5024.85,0,2023,10,1,297,43
2023-10-25,38.95,4894.09,0,2023,10,2,298,43
2023-10-26,37.75,4786.45,0,2023,10,3,299,43
2023-10-27,34.19,5084.7,0,2023,10,4,300,43
2023-10-28,35.72,5006.21,0,2023,10,5,301,43
2023-10-29,36.82,4965.67,0,2023,10,6,302,43
2023-10-30,36.25,4582.43,0,2023,10,0,303,44
2023-10-31,35.82,5018.24,0,2023,10,1,304,44
2023-11-01,34.58,4888.73,0,2023,11,2,305,44
2023-11-02,36.91,5216.69,0,2023,11,3,306,44
2023-11-03,38.76,4851.82,0,2023,11,4,307,44
2023-11-04,37.46,5127.73,0,2023,11,5,308,44
2023-11-05,37.08,4805.54,0,2023,11,6,309,44
2023-11-06,37.53,4793.87,0,2023,11,0,310,45
2023-11-07,40.19,5188.62,0,2023,11,1,311,45
2023-11-08,40.31,4865.18,0,2023,11,2,312,45
2023-11-09,38.11,4630.1,0,2023,11,3,313,45
2023-11-10,38.36,5101.27,0,2023,11,4,314,45
2023-11-11,35.9,4794.99,0,2023,11,5,315,45
2023-11-12,37.2,4957.94,0,2023,11,6,316,45
2023-11-13,39.39,5331.28,0,2023,11,0,317,46
2023-11-14,40.79,4281.31,0,2023,11,1,318,46
2023-11-15,40.18,4688.07,0,2023,11,2,319,46
2023-11-16,37.63,4991.11,0,2023,11,3,320,46
2023-11-17,34.61,5248.83,0,2023,11,4,321,46
2023-11-18,32.21,4766.91,0,2023,11,5,322,46
2023-11-19,24.51,6336.0,1,2023,11,6,323,46
2023-11-20,30.73,5540.82,0,2023,11,0,324,47
2023-11-21,31.16,4976.05,0,2023,11,1,325,47
2023-11-22,32.93,4874.67,0,2023,11,2,326,47
2023-11-23,34.94,5467.96,0,2023,11,3,327,47
2023-11-24,34.37,5052.2,0,2023,11,4,328,47
2023-11-25,34.09,5068.31,0,2023,11,5,329,47
2023-11-26,33.05,5043.61,0,2023,11,6,330,47
2023-11-27,28.98,6179.27,1,2023,11,0,331,48
2023-11-28,33.99,5253.09,0,2023,11,1,332,48
2023-11-29,33.74,5185.68,0,2023,11,2,333,48
2023-11-30,33.48,5126.51,0,2023,11,3,334,48
2023-12-01,33.88,5021.05,0,2023,12,4,335,48
2023-12-02,35.64,4880.14,0,2023,12,5,336,48
2023-12-03,34.62,5292.61,0,2023,12,6,337,48
2023-12-04,34.95,4960.33,0,2023,12,0,338,49
2023-12-05,35.72,4944.95,0,2023,12,1,339,49
2023-12-06,37.68,5024.91,0,2023,12,2,340,49
2023-12-07,36.98,4963.28,0,2023,12,3,341,49
2023-12-08,35.77,5454.1,0,2023,12,4,342,49
2023-12-09,35.24,4459.49,0,2023,12,5,343,49
2023-12-10,31.63,6479.35,1,2023,12,6,344,49
2023-12-11,39.81,4547.6,0,2023,12,0,345,50
2023-12-12,36.57,4638.69,0,2023,12,1,346,50
2023-12-13,34.51,4887.54,0,2023,12,2,347,50
2023-12-14,32.23,6566.11,1,2023,12,3,348,50
2023-12-15,34.45,5057.35,0,2023,12,4,349,50
2023-12-16,35.41,4524.32,0,2023,12,5,350,50
2023-12-17,33.42,4916.48,0,2023,12,6,351,50
2023-12-18,31.64,5252.16,0,2023,12,0,352,51
2023-12-19,32.08,4882.69,0,2023,12,1,353,51
2023-12-20,31.7,4830.39,0,2023,12,2,354,51
2023-12-21,33.14,4415.93,0,2023,12,3,355,51
2023-12-22,30.89,6341.97,1,2023,12,4,356,51
2023-12-23,33.76,4717.29,0,2023,12,5,357,51
2023-12-24,33.0,4804.99,0,2023,12,6,358,51
2023-12-25,36.2,4858.41,0,2023,12,0,359,52
2023-12-26,33.73,4883.71,0,2023,12,1,360,52
2023-12-27,34.26,4686.89,0,2023,12,2,361,52
2023-12-28,31.94,4518.38,0,2023,12,3,362,52
2023-12-29,30.73,5303.99,0,2023,12,4,363,52
2023-12-30,30.73,5439.25,0,2023,12,5,364,52
2023-12-31,34.23,4919.48,0,2023,12,6,365,52
2024-01-01,34.77,4931.67,0,2024,1,0,1,1
2024-01-02,34.0,5050.69,0,2024,1,1,2,1
2024-01-03,35.03,5472.07,0,2024,1,2,3,1
2024-01-04,35.34,4512.59,0,2024,1,3,4,1
2024-01-05,34.85,4883.36,0,2024,1,4,5,1
2024-01-06,33.19,4573.8,0,2024,1,5,6,1
2024-01-07,36.31,5043.21,0,2024,1,6,7,1
2024-01-08,36.64,4874.69,0,2024,1,0,8,2
2024-01-09,39.79,4821.58,0,2024,1,1,9,2
2024-01-10,40.08,4792.16,0,2024,1,2,10,2
2024-01-11,39.61,5066.77,0,2024,1,3,11,2
2024-01-12,37.7,5026.59,0,2024,1,4,12,2
2024-01-13,35.25,5236.75,0,2024,1,5,13,2
2024-01-14,31.07,6102.64,1,2024,1,6,14,2
2024-01-15,32.86,5465.13,0,2024,1,0,15,3
2024-01-16,34.08,4829.2,0,2024,1,1,16,3
2024-01-17,32.54,6156.88,1,2024,1,2,17,3
2024-01-18,34.88,5087.02,0,2024,1,3,18,3
2024-01-19,31.93,6577.55,1,2024,1,4,19,3
2024-01-20,31.56,6172.1,1,2024,1,5,20,3
2024-01-21,32.75,5060.57,0,2024,1,6,21,3
2024-01-22,31.36,5628.36,0,2024,1,0,22,4
2024-01-23,28.43,4887.93,0,2024,1,1,23,4
2024-01-24,29.57,5717.0,0,2024,1,2,24,4
2024-01-25,30.69,5142.93,0,2024,1,3,25,4
2024-01-26,32.98,4399.6,0,2024,1,4,26,4
2024-01-27,34.3,4624.96,0,2024,1,5,27,4
2024-01-28,35.38,4691.81,0,2024,1,6,28,4
2024-01-29,33.62,4881.98,0,2024,1,0,29,5
2024-01-30,34.69,4984.22,0,2024,1,1,30,5
2024-01-31,37.28,4075.07,0,2024,1,2,31,5
2024-02-01,37.44,4934.17,0,2024,2,3,32,5
2024-02-02,37.57,5772.56,1,2024,2,4,33,5
2024-02-03,37.86,6589.61,1,2024,2,5,34,5
2024-02-04,40.11,4663.65,0,2024,2,6,35,5
2024-02-05,38.24,5120.99,0,2024,2,0,36,6
2024-02-06,36.88,5239.11,0,2024,2,1,37,6
2024-02-07,34.82,5334.17,0,2024,2,2,38,6
2024-02-08,34.86,4837.17,0,2024,2,3,39,6
2024-02-09,37.44,4704.32,0,2024,2,4,40,6
2024-02-10,32.09,6473.11,1,2024,2,5,41,6
2024-02-11,33.37,5272.56,0,2024,2,6,42,6
2024-02-12,34.14,4889.75,0,2024,2,0,43,7
2024-02-13,33.44,5042.07,0,2024,2,1,44,7
2024-02-14,33.36,5164.18,0,2024,2,2,45,7
2024-02-15,33.2,4818.6,0,2024,2,3,46,7
2024-02-16,33.35,4791.93,0,2024,2,4,47,7
2024-02-17,32.65,5070.15,0,2024,2,5,48,7
2024-02-18,31.94,5145.15,0,2024,2,6,49,7
2024-02-19,34.0,5180.2,0,2024,2,0,50,8
2024-02-20,35.57,5173.08,0,2024,2,1,51,8
2024-02-21,33.01,4769.83,0,2024,2,2,52,8
2024-02-22,29.16,5048.25,0,2024,2,3,53,8
2024-02-23,32.25,4846.34,0,2024,2,4,54,8
2024-02-24,31.04,5621.56,0,2024,2,5,55,8
2024-02-25,32.46,5090.84,0,2024,2,6,56,8
2024-02-26,30.91,5209.38,0,2024,2,0,57,9
2024-02-27,34.26,5054.36,0,2024,2,1,58,9
2024-02-28,38.63,4603.83,0,2024,2,2,59,9
2024-02-29,38.31,5303.73,0,2024,2,3,60,9
2024-03-01,35.34,6475.73,1,2024,3,4,61,9
2024-03-02,37.33,4895.35,0,2024,3,5,62,9
2024-03-03,38.78,4479.24,0,2024,3,6,63,9
2024-03-04,39.62,4420.5,0,2024,3,0,64,10
2024-03-05,40.97,4608.58,0,2024,3,1,65,10
2024-03-06,39.57,4561.38,0,2024,3,2,66,10
2024-03-07,38.09,5751.49,1,2024,3,3,67,10
2024-03-08,39.2,4678.54,0,2024,3,4,68,10
2024-03-09,37.81,4794.78,0,2024,3,5,69,10
2024-03-10,34.45,6338.57,1,2024,3,6,70,10
2024-03-11,34.22,6151.57,1,2024,3,0,71,11
2024-03-12,39.71,4461.99,0,2024,3,1,72,11
2024-03-13,38.24,4546.27,0,2024,3,2,73,11
2024-03-14,38.94,5167.0,0,2024,3,3,74,11
2024-03-15,37.87,4481.2,0,2024,3,4,75,11
2024-03-16,38.32,4942.97,0,2024,3,5,76,11
2024-03-17,37.32,5039.73,0,2024,3,6,77,11
2024-03-18,35.42,4942.61,0,2024,3,0,78,12
2024-03-19,36.61,5449.89,0,2024,3,1,79,12
2024-03-20,36.29,5085.96,0,2024,3,2,80,12
2024-03-21,36.8,5462.76,0,2024,3,3,81,12
2024-03-22,36.07,4751.38,0,2024,3,4,82,12
2024-03-23,34.21,4849.38,0,2024,3,5,83,12
2024-03-24,36.56,5080.18,0,2024,3,6,84,12
2024-03-25,37.75,4783.86,0,2024,3,0,85,13
2024-03-26,36.73,5419.41,0,2024,3,1,86,13
2024-03-27,37.08,4998.59,0,2024,3,2,87,13
2024-03-28,38.92,4490.55,0,2024,3,3,88,13
2024-03-29,38.12,4323.09,0,2024,3,4,89,13
2024-03-30,37.95,4828.93,0,2024,3,5,90,13
2024-03-31,38.82,4782.04,0,2024,3,6,91,13
2024-04-01,38.55,4916.65,0,2024,4,0,92,14
2024-04-02,40.49,5088.56,0,2024,4,1,93,14
2024-04-03,40.46,5050.59,0,2024,4,2,94,14
2024-04-04,39.65,4593.85,0,2024,4,3,95,14
2024-04-05,37.37,5587.37,1,2024,4,4,96,14
2024-04-06,39.87,4386.1,0,2024,4,5,97,14
2024-04-07,43.68,4344.96,0,2024,4,6,98,14
2024-04-08,45.72,4353.93,0,2024,4,0,99,15
2024-04-09,45.54,4564.43,0,2024,4,1,100,15
2024-04-10,39.36,5520.86,1,2024,4,2,101,15
2024-04-11,44.93,4587.57,0,2024,4,3,102,15
2024-04-12,43.32,4692.84,0,2024,4,4,103,15
2024-04-13,43.27,4629.63,0,2024,4,5,104,15
2024-04-14,41.29,4346.7,0,2024,4,6,105,15
2024-04-15,41.94,4793.43,0,2024,4,0,106,16
2024-04-16,42.82,5233.38,0,2024,4,1,107,16
2024-04-17,41.46,4750.85,0,2024,4,2,108,16
2024-04-18,40.08,3859.99,0,2024,4,3,109,16
2024-04-19,34.78,6781.76,1,2024,4,4,110,16
2024-04-20,38.2,5856.98,1,2024,4,5,111,16
2024-04-21,39.48,5455.88,0,2024,4,6,112,16
2024-04-22,39.1,4829.67,0,2024,4,0,113,17
2024-04-23,39.61,4263.88,0,2024,4,1,114,17
2024-04-24,39.99,4130.87,0,2024,4,2,115,17
2024-04-25,41.04,5160.14,0,2024,4,3,116,17
2024-04-26,40.18,5072.77,0,2024,4,4,117,17
2024-04-27,38.57,5489.37,0,2024,4,5,118,17
2024-04-28,37.32,4887.12,0,2024,4,6,119,17
2024-04-29,37.71,4847.51,0,2024,4,0,120,18
2024-04-30,33.15,6182.52,1,2024,4,1,121,18
2024-05-01,35.67,6006.62,1,2024,5,2,122,18
2024-05-02,41.96,4534.48,0,2024,5,3,123,18
2024-05-03,41.9,4720.23,0,2024,5,4,124,18
2024-05-04,35.99,5716.18,1,2024,5,5,125,18
2024-05-05,40.0,5347.31,1,2024,5,6,126,18
2024-05-06,42.73,4661.49,0,2024,5,0,127,19
2024-05-07,43.31,4324.81,0,2024,5,1,128,19
2024-05-08,44.66,3545.38,0,2024,5,2,129,19
2024-05-09,46.12,4609.82,0,2024,5,3,130,19
2024-05-10,47.3,4052.82,0,2024,5,4,131,19
2024-05-11,49.65,4466.22,0,2024,5,5,132,19
2024-05-12,42.99,5839.77,1,2024,5,6,133,19
2024-05-13,50.92,4288.93,0,2024,5,0,134,20
2024-05-14,47.65,5116.4,0,2024,5,1,135,20
2024-05-15,49.55,4231.28,0,2024,5,2,136,20
2024-05-16,47.04,4312.27,0,2024,5,3,137,20
2024-05-17,45.31,4689.36,0,2024,5,4,138,20
2024-05-18,44.24,4521.43,0,2024,5,5,139,20
2024-05-19,43.24,4936.11,0,2024,5,6,140,20
2024-05-20,42.92,4223.3,0,2024,5,0,141,21
2024-05-21,41.64,4292.12,0,2024,5,1,142,21
2024-05-22,42.84,4837.84,0,2024,5,2,143,21
2024-05-23,41.6,4320.57,0,2024,5,3,144,21
2024-05-24,42.58,4803.98,0,2024,5,4,145,21
2024-05-25,44.62,4629.8,0,2024,5,5,146,21
2024-05-26,43.32,4375.87,0,2024,5,6,147,21
2024-05-27,44.24,4648.37,0,2024,5,0,148,22
2024-05-28,44.66,4146.86,0,2024,5,1,149,22
2024-05-29,47.63,4068.38,0,2024,5,2,150,22
2024-05-30,45.73,4392.14,0,2024,5,3,151,22
2024-05-31,46.51,4448.09,0,2024,5,4,152,22
2024-06-01,43.58,4479.95,0,2024,6,5,153,22
2024-06-02,43.37,4711.53,0,2024,6,6,154,22
2024-06-03,44.63,4635.2,0,2024,6,0,155,23
2024-06-04,47.18,4849.76,0,2024,6,1,156,23
2024-06-05,45.13,4464.87,0,2024,6,2,157,23
2024-06-06,56.86,4265.15,0,2024,6,3,158,23
2024-06-07,55.82,4235.3,0,2024,6,4,159,23
2024-06-08,52.71,4802.82,0,2024,6,5,160,23
2024-06-09,52.88,4067.7,0,2024,6,6,161,23
2024-06-10,55.08,3869.73,0,2024,6,0,162,24
2024-06-11,62.92,3981.15,0,2024,6,1,163,24
2024-06-12,61.13,3808.9,0,2024,6,2,164,24
2024-06-13,58.12,4228.38,0,2024,6,3,165,24
2024-06-14,56.37,4146.78,0,2024,6,4,166,24
2024-06-15,57.58,3238.81,0,2024,6,5,167,24
2024-06-16,55.5,4087.76,0,2024,6,6,168,24
2024-06-17,56.21,4032.96,0,2024,6,0,169,25
2024-06-18,55.95,3992.55,0,2024,6,1,170,25
2024-06-19,53.28,4046.4,0,2024,6,2,171,25
2024-06-20,50.96,3724.36,0,2024,6,3,172,25
2024-06-21,48.55,4584.9,0,2024,6,4,173,25
2024-06-22,46.65,4529.76,0,2024,6,5,174,25
2024-06-23,47.13,4724.24,0,2024,6,6,175,25
2024-06-24,46.83,3947.03,0,2024,6,0,176,26
2024-06-25,44.16,4693.95,0,2024,6,1,177,26
2024-06-26,42.11,4574.21,0,2024,6,2,178,26
2024-06-27,43.21,4632.8,0,2024,6,3,179,26
2024-06-28,43.19,4523.53,0,2024,6,4,180,26
2024-06-29,43.68,4728.84,0,2024,6,5,181,26
2024-06-30,44.89,4456.86,0,2024,6,6,182,26
2024-07-01,41.63,4353.16,0,2024,7,0,183,27
2024-07-02,40.9,4730.81,0,2024,7,1,184,27
2024-07-03,46.24,4373.82,0,2024,7,2,185,27
2024-07-04,45.85,4432.32,0,2024,7,3,186,27
2024-07-05,42.63,3662.06,0,2024,7,4,187,27
2024-07-06,39.78,6309.94,1,2024,7,5,188,27
2024-07-07,41.59,5564.22,1,2024,7,6,189,27
2024-07-08,46.56,4017.67,0,2024,7,0,190,28
2024-07-09,47.99,4627.26,0,2024,7,1,191,28
2024-07-10,47.89,4546.45,0,2024,7,2,192,28
2024-07-11,46.83,4310.33,0,2024,7,3,193,28
2024-07-12,47.87,4010.61,0,2024,7,4,194,28
2024-07-13,43.74,4616.2,0,2024,7,5,195,28
2024-07-14,42.13,4680.39,0,2024,7,6,196,28
2024-07-15,42.28,4913.32,0,2024,7,0,197,29
2024-07-16,40.96,4568.88,0,2024,7,1,198,29
2024-07-17,41.04,5056.72,0,2024,7,2,199,29
2024-07-18,43.1,4432.69,0,2024,7,3,200,29
2024-07-19,43.35,4178.7,0,2024,7,4,201,29
2024-07-20,45.22,4149.27,0,2024,7,5,202,29
2024-07-21,44.75,4493.76,0,2024,7,6,203,29
2024-07-22,45.57,4452.02,0,2024,7,0,204,30
2024-07-23,41.32,6008.34,1,2024,7,1,205,30
2024-07-24,36.67,5943.16,1,2024,7,2,206,30
2024-07-25,45.11,4787.61,0,2024,7,3,207,30
2024-07-26,43.35,4504.17,0,2024,7,4,208,30
2024-07-27,43.78,3962.02,0,2024,7,5,209,30
2024-07-28,44.83,4472.35,0,2024,7,6,210,30
2024-07-29,41.12,5016.28,1,2024,7,0,211,31
2024-07-30,43.58,4652.67,0,2024,7,1,212,31
2024-07-31,45.48,4792.92,0,2024,7,2,213,31
2024-08-01,43.9,4258.96,0,2024,8,3,214,31
2024-08-02,45.6,4895.55,0,2024,8,4,215,31
2024-08-03,46.48,4678.87,0,2024,8,5,216,31
2024-08-04,47.61,4731.67,0,2024,8,6,217,31
2024-08-05,45.42,4535.88,0,2024,8,0,218,32
2024-08-06,46.61,4121.47,0,2024,8,1,219,32
2024-08-07,48.2,4574.12,0,2024,8,2,220,32
2024-08-08,47.95,4165.0,0,2024,8,3,221,32
2024-08-09,43.82,5817.58,1,2024,8,4,222,32
2024-08-10,47.51,4323.06,0,2024,8,5,223,32
2024-08-11,47.11,4731.94,0,2024,8,6,224,32
2024-08-12,44.02,4768.13,0,2024,8,0,225,33
2024-08-13,42.88,4581.79,0,2024,8,1,226,33
2024-08-14,42.48,4040.29,0,2024,8,2,227,33
2024-08-15,45.1,4304.6,0,2024,8,3,228,33
2024-08-16,46.5,4636.09,0,2024,8,4,229,33
2024-08-17,47.33,4467.41,0,2024,8,5,230,33
2024-08-18,46.13,3992.41,0,2024,8,6,231,33
2024-08-19,46.19,3898.34,0,2024,8,0,232,34
2024-08-20,43.06,4655.83,0,2024,8,1,233,34
2024-08-21,42.51,4307.43,0,2024,8,2,234,34
2024-08-22,42.75,4324.36,0,2024,8,3,235,34
2024-08-23,35.02,6397.7,1,2024,8,4,236,34
2024-08-24,41.05,5058.04,0,2024,8,5,237,34
2024-08-25,43.62,4343.87,0,2024,8,6,238,34
2024-08-26,43.79,4547.17,0,2024,8,0,239,35
2024-08-27,44.53,4501.14,0,2024,8,1,240,35
2024-08-28,40.1,4695.68,0,2024,8,2,241,35
2024-08-29,43.13,4605.66,0,2024,8,3,242,35
2024-08-30,42.76,4839.15,0,2024,8,4,243,35
2024-08-31,41.74,4460.78,0,2024,8,5,244,35
2024-09-01,42.04,4190.6,0,2024,9,6,245,35
2024-09-02,40.38,5237.99,0,2024,9,0,246,36
2024-09-03,43.11,4921.53,0,2024,9,1,247,36
2024-09-04,43.0,4268.76,0,2024,9,2,248,36
2024-09-05,39.5,6074.21,1,2024,9,3,249,36
2024-09-06,42.78,4914.02,0,2024,9,4,250,36
2024-09-07,44.99,4725.32,0,2024,9,5,251,36
2024-09-08,45.0,4638.48,0,2024,9,6,252,36
2024-09-09,42.62,4567.71,0,2024,9,0,253,37
2024-09-10,43.67,5084.73,0,2024,9,1,254,37
2024-09-11,42.18,4707.04,0,2024,9,2,255,37
2024-09-12,39.16,4637.47,0,2024,9,3,256,37
2024-09-13,42.37,4893.04,0,2024,9,4,257,37
2024-09-14,42.89,4634.49,0,2024,9,5,258,37
2024-09-15,42.28,4740.82,0,2024,9,6,259,37
2024-09-16,41.3,4746.09,0,2024,9,0,260,38
2024-09-17,43.07,4745.5,0,2024,9,1,261,38
2024-09-18,46.71,4120.85,0,2024,9,2,262,38
2024-09-19,45.19,4055.19,0,2024,9,3,263,38
2024-09-20,41.82,5089.44,0,2024,9,4,264,38
2024-09-21,37.16,6226.56,1,2024,9,5,265,38
2024-09-22,40.77,4942.76,0,2024,9,6,266,38
2024-09-23,36.64,4390.03,0,2024,9,0,267,39
2024-09-24,37.8,5179.97,0,2024,9,1,268,39
2024-09-25,38.82,4652.77,0,2024,9,2,269,39
2024-09-26,40.93,4461.4,0,2024,9,3,270,39
2024-09-27,42.35,4613.27,0,2024,9,4,271,39
2024-09-28,41.79,4367.16,0,2024,9,5,272,39
2024-09-29,43.61,4568.79,0,2024,9,6,273,39
2024-09-30,45.79,4419.53,0,2024,9,0,274,40
2024-10-01,44.42,4847.17,0,2024,10,1,275,40
2024-10-02,40.93,6495.48,1,2024,10,2,276,40
2024-10-03,40.77,5155.76,0,2024,10,3,277,40
2024-10-04,38.96,4122.81,0,2024,10,4,278,40
2024-10-05,38.65,4536.86,0,2024,10,5,279,40
2024-10-06,39.05,4114.98,0,2024,10,6,280,40
2024-10-07,38.34,4474.72,0,2024,10,0,281,41
2024-10-08,39.4,4585.0,0,2024,10,1,282,41
2024-10-09,34.85,6366.86,1,2024,10,2,283,41
2024-10-10,41.72,4507.91,0,2024,10,3,284,41
2024-10-11,40.83,4560.66,0,2024,10,4,285,41
2024-10-12,37.36,4936.62,0,2024,10,5,286,41
2024-10-13,38.39,4317.64,0,2024,10,6,287,41
2024-10-14,38.74,4561.27,0,2024,10,0,288,42
2024-10-15,37.55,4721.36,0,2024,10,1,289,42
2024-10-16,37.99,4789.81,0,2024,10,2,290,42
2024-10-17,36.38,4953.84,0,2024,10,3,291,42
2024-10-18,37.23,5338.81,0,2024,10,4,292,42
2024-10-19,35.38,6454.56,1,2024,10,5,293,42
2024-10-20,37.14,4662.39,0,2024,10,6,294,42
2024-10-21,36.19,4862.21,0,2024,10,0,295,43
2024-10-22,35.24,4889.25,0,2024,10,1,296,43
2024-10-23,34.92,4849.6,0,2024,10,2,297,43
2024-10-24,36.9,4986.97,0,2024,10,3,298,43
2024-10-25,37.6,4311.96,0,2024,10,4,299,43
2024-10-26,38.62,5083.11,0,2024,10,5,300,43
2024-10-27,38.2,5348.25,0,2024,10,6,301,43
2024-10-28,35.97,4870.35,0,2024,10,0,302,44
2024-10-29,34.85,4920.94,0,2024,10,1,303,44
2024-10-30,36.97,4948.73,0,2024,10,2,304,44
2024-10-31,37.71,5170.25,0,2024,10,3,305,44
2024-11-01,39.98,4653.69,0,2024,11,4,306,44
2024-11-02,52.84,5258.22,1,2024,11,5,307,44
2024-11-03,55.89,4101.93,0,2024,11,6,308,44
2024-11-04,53.9,4763.67,0,2024,11,0,309,45
2024-11-05,53.82,3960.24,0,2024,11,1,310,45
2024-11-06,53.69,3472.72,0,2024,11,2,311,45
2024-11-07,53.51,3644.46,0,2024,11,3,312,45
2024-11-08,50.23,4242.0,0,2024,11,4,313,45
2024-11-09,42.93,6094.87,1,2024,11,5,314,45
2024-11-10,46.63,4222.97,0,2024,11,6,315,45
2024-11-11,48.22,4269.86,0,2024,11,0,316,46
2024-11-12,45.82,4664.45,0,2024,11,1,317,46
2024-11-13,45.56,4182.48,0,2024,11,2,318,46
2024-11-14,45.08,4312.69,0,2024,11,3,319,46
2024-11-15,44.92,4153.89,0,2024,11,4,320,46
2024-11-16,45.89,4808.96,0,2024,11,5,321,46
2024-11-17,46.17,4903.82,0,2024,11,6,322,46
2024-11-18,42.92,4130.22,0,2024,11,0,323,47
2024-11-19,38.2,4797.43,0,2024,11,1,324,47
2024-11-20,32.33,6927.4,1,2024,11,2,325,47
2024-11-21,36.95,5022.15,0,2024,11,3,326,47
2024-11-22,36.27,4789.89,0,2024,11,4,327,47
2024-11-23,39.24,4324.37,0,2024,11,5,328,47
2024-11-24,38.38,5177.05,0,2024,11,6,329,47
2024-11-25,33.53,6397.12,1,2024,11,0,330,48
2024-11-26,38.4,4388.34,0,2024,11,1,331,48
2024-11-27,37.37,5238.34,0,2024,11,2,332,48
2024-11-28,34.38,4551.09,0,2024,11,3,333,48
2024-11-29,35.15,4926.6,0,2024,11,4,334,48
2024-11-30,40.79,4631.28,0,2024,11,5,335,48
2024-12-01,38.09,5331.04,0,2024,12,6,336,48
2024-12-02,31.62,6369.53,1,2024,12,0,337,49
2024-12-03,34.57,6117.54,1,2024,12,1,338,49
2024-12-04,40.27,4327.69,0,2024,12,2,339,49
2024-12-05,39.44,4585.89,0,2024,12,3,340,49
2024-12-06,41.21,4444.2,0,2024,12,4,341,49
2024-12-07,39.17,4562.12,0,2024,12,5,342,49
2024-12-08,38.8,4812.04,0,2024,12,6,343,49
2024-12-09,40.08,4015.82,0,2024,12,0,344,50
2024-12-10,42.63,4165.45,0,2024,12,1,345,50
2024-12-11,39.39,4746.96,0,2024,12,2,346,50
2024-12-12,40.68,4752.25,0,2024,12,3,347,50
2024-12-13,36.41,6077.46,1,2024,12,4,348,50
2024-12-14,35.76,6209.82,1,2024,12,5,349,50
2024-12-15,38.2,4717.29,0,2024,12,6,350,50
2024-12-16,35.28,4980.66,0,2024,12,0,351,51
2024-12-17,31.21,6564.31,1,2024,12,1,352,51
2024-12-18,34.81,5137.4,0,2024,12,2,353,51
2024-12-19,33.01,4892.95,0,2024,12,3,354,51
2024-12-20,34.61,5293.91,0,2024,12,4,355,51
2024-12-21,35.54,5020.06,0,2024,12,5,356,51
2024-12-22,35.11,5364.39,0,2024,12,6,357,51
2024-12-23,36.31,5364.38,0,2024,12,0,358,52
2024-12-24,37.71,4431.67,0,2024,12,1,359,52
2024-12-25,38.58,4563.31,0,2024,12,2,360,52
2024-12-26,31.52,6718.21,1,2024,12,3,361,52
2024-12-27,37.51,4375.0,0,2024,12,4,362,52
2024-12-28,37.13,5319.78,0,2024,12,5,363,52
2024-12-29,39.27,4683.53,0,2024,12,6,364,52
2024-12-30,38.13,5015.79,0,2024,12,0,365,1
2024-12-31,37.14,4858.28,0,2024,12,1,366,1
2025-01-01,32.46,5879.79,1,2025,1,2,1,1
2025-01-02,36.85,5224.1,0,2025,1,3,2,1
2025-01-03,37.84,5683.31,0,2025,1,4,3,1
2025-01-04,38.64,4663.42,0,2025,1,5,4,1
2025-01-05,39.06,4700.45,0,2025,1,6,5,1
2025-01-06,39.86,3962.22,0,2025,1,0,6,2
2025-01-07,33.5,6761.55,1,2025,1,1,7,2
2025-01-08,37.54,5146.53,0,2025,1,2,8,2
2025-01-09,36.27,4416.33,0,2025,1,3,9,2
2025-01-10,46.37,4566.17,1,2025,1,4,10,2
2025-01-11,51.51,3589.57,0,2025,1,5,11,2
2025-01-12,47.04,4591.68,0,2025,1,6,12,2
2025-01-13,47.96,4575.73,0,2025,1,0,13,3
2025-01-14,49.41,4002.29,0,2025,1,1,14,3
2025-01-15,46.2,4589.61,0,2025,1,2,15,3
2025-01-16,45.22,4536.55,0,2025,1,3,16,3
2025-01-17,43.04,4487.84,0,2025,1,4,17,3
2025-01-18,42.92,4895.26,0,2025,1,5,18,3
2025-01-19,39.93,4392.2,0,2025,1,6,19,3
2025-01-20,39.3,5129.13,0,2025,1,0,20,4
2025-01-21,40.31,4515.84,0,2025,1,1,21,4
2025-01-22,41.31,5219.09,0,2025,1,2,22,4
2025-01-23,40.74,4411.56,0,2025,1,3,23,4
2025-01-24,39.17,4685.86,0,2025,1,4,24,4
2025-01-25,36.22,4956.76,0,2025,1,5,25,4
2025-01-26,35.45,4993.34,0,2025,1,6,26,4
2025-01-27,35.41,5126.54,0,2025,1,0,27,5
2025-01-28,35.14,4607.28,0,2025,1,1,28,5
2025-01-29,34.07,5035.15,0,2025,1,2,29,5
2025-01-30,34.52,5065.51,0,2025,1,3,30,5
2025-01-31,35.75,4803.98,0,2025,1,4,31,5
2025-02-01,35.69,6442.62,1,2025,2,5,32,5
2025-02-02,37.81,4455.71,0,2025,2,6,33,5
2025-02-03,32.56,6301.2,1,2025,2,0,34,6
2025-02-04,36.01,4723.62,0,2025,2,1,35,6
2025-02-05,37.93,4756.58,0,2025,2,2,36,6
2025-02-06,39.44,5212.13,0,2025,2,3,37,6
2025-02-07,37.73,6741.21,1,2025,2,4,38,6
2025-02-08,41.85,5038.47,0,2025,2,5,39,6
2025-02-09,40.8,4571.24,0,2025,2,6,40,6
2025-02-10,40.11,6311.61,1,2025,2,0,41,7
2025-02-11,43.17,4624.99,0,2025,2,1,42,7
2025-02-12,37.93,4867.12,0,2025,2,2,43,7
2025-02-13,40.63,4695.45,0,2025,2,3,44,7
2025-02-14,38.54,5350.53,0,2025,2,4,45,7
2025-02-15,36.56,5331.77,0,2025,2,5,46,7
2025-02-16,37.4,5103.42,0,2025,2,6,47,7
2025-02-17,34.5,4973.75,0,2025,2,0,48,8
2025-02-18,33.96,5063.62,0,2025,2,1,49,8
2025-02-19,33.07,6582.31,1,2025,2,2,50,8
2025-02-20,34.38,6136.69,1,2025,2,3,51,8
2025-02-21,38.23,5120.01,0,2025,2,4,52,8
2025-02-22,36.6,4643.58,0,2025,2,5,53,8
2025-02-23,34.2,5157.37,0,2025,2,6,54,8
2025-02-24,35.99,4263.81,0,2025,2,0,55,9
2025-02-25,37.68,4700.59,0,2025,2,1,56,9
2025-02-26,38.94,5426.16,0,2025,2,2,57,9
2025-02-27,38.96,5112.75,0,2025,2,3,58,9
2025-02-28,37.37,5341.94,0,2025,2,4,59,9
2025-03-01,41.54,4473.01,0,2025,3,5,60,9
2025-03-02,41.68,4697.27,0,2025,3,6,61,9
2025-03-03,40.95,5086.99,0,2025,3,0,62,10
2025-03-04,40.59,4910.19,0,2025,3,1,63,10
2025-03-05,40.95,4855.18,0,2025,3,2,64,10
2025-03-06,61.28,4175.06,0,2025,3,3,65,10
2025-03-07,59.48,3463.96,0,2025,3,4,66,10
2025-03-08,58.9,3749.55,0,2025,3,5,67,10
2025-03-09,57.13,3367.23,0,2025,3,6,68,10
2025-03-10,55.19,3662.11,0,2025,3,0,69,11
2025-03-11,54.65,4339.72,0,2025,3,1,70,11
2025-03-12,53.91,3779.16,0,2025,3,2,71,11
2025-03-13,47.17,5686.18,1,2025,3,3,72,11
2025-03-14,49.38,4778.55,0,2025,3,4,73,11
2025-03-15,48.94,4249.69,0,2025,3,5,74,11
2025-03-16,47.96,4508.17,0,2025,3,6,75,11
2025-03-17,46.06,4670.19,0,2025,3,0,76,12
2025-03-18,38.45,4461.06,0,2025,3,1,77,12
2025-03-19,39.24,4602.82,0,2025,3,2,78,12
2025-03-20,39.93,4452.23,0,2025,3,3,79,12
2025-03-21,39.0,4639.23,0,2025,3,4,80,12
2025-03-22,37.98,5065.89,0,2025,3,5,81,12
2025-03-23,34.0,6144.98,1,2025,3,6,82,12
2025-03-24,33.23,6292.87,1,2025,3,0,83,13
2025-03-25,37.01,4586.62,0,2025,3,1,84,13
2025-03-26,40.99,5068.34,0,2025,3,2,85,13
2025-03-27,39.91,4590.94,0,2025,3,3,86,13
2025-03-28,36.26,5393.69,0,2025,3,4,87,13
2025-03-29,37.45,4895.57,0,2025,3,5,88,13
2025-03-30,38.39,4408.63,0,2025,3,6,89,13
2025-03-31,37.68,6044.38,1,2025,3,0,90,14
2025-04-01,36.19,5647.67,1,2025,4,1,91,14
2025-04-02,40.74,4889.59,0,2025,4,2,92,14
2025-04-03,41.02,4620.4,0,2025,4,3,93,14
2025-04-04,42.28,4685.15,0,2025,4,4,94,14
2025-04-05,39.53,4662.71,0,2025,4,5,95,14
2025-04-06,42.95,4435.81,0,2025,4,6,96,14
2025-04-07,42.15,4350.17,0,2025,4,0,97,15
2025-04-08,45.0,4750.74,0,2025,4,1,98,15
2025-04-09,45.46,4424.92,0,2025,4,2,99,15
2025-04-10,46.12,4349.81,0,2025,4,3,100,15
2025-04-11,47.3,4325.45,0,2025,4,4,101,15
2025-04-12,47.19,4186.65,0,2025,4,5,102,15
2025-04-13,47.18,4297.83,0,2025,4,6,103,15
2025-04-14,45.8,4521.66,0,2025,4,0,104,16
2025-04-15,45.53,4163.31,0,2025,4,1,105,16
2025-04-16,43.78,4294.02,0,2025,4,2,106,16
2025-04-17,42.82,5022.69,0,2025,4,3,107,16
2025-04-18,45.5,4366.23,0,2025,4,4,108,16
2025-04-19,43.13,4427.99,0,2025,4,5,109,16
2025-04-20,42.85,4204.31,0,2025,4,6,110,16
2025-04-21,42.55,4877.66,0,2025,4,0,111,17
2025-04-22,41.69,4348.77,0,2025,4,1,112,17
2025-04-23,42.34,4628.57,0,2025,4,2,113,17
2025-04-24,42.95,4090.26,0,2025,4,3,114,17
2025-04-25,41.17,4936.98,0,2025,4,4,115,17
2025-04-26,41.56,5024.85,0,2025,4,5,116,17
2025-04-27,40.19,4886.07,0,2025,4,6,117,17
2025-04-28,42.17,4181.28,0,2025,4,0,118,18
2025-04-29,42.79,4862.07,0,2025,4,1,119,18
2025-04-30,43.25,4339.29,0,2025,4,2,120,18
2025-05-01,42.19,5419.13,1,2025,5,3,121,18
2025-05-02,44.31,4419.38,0,2025,5,4,122,18
2025-05-03,42.77,5624.67,1,2025,5,5,123,18
2025-05-04,41.14,5678.59,1,2025,5,6,124,18
2025-05-05,47.26,4769.11,0,2025,5,0,125,19
2025-05-06,46.27,5040.07,0,2025,5,1,126,19
2025-05-07,43.93,4142.85,0,2025,5,2,127,19
2025-05-08,38.93,5621.55,1,2025,5,3,128,19
2025-05-09,44.54,4565.82,0,2025,5,4,129,19
2025-05-10,44.79,4393.78,0,2025,5,5,130,19
2025-05-11,45.77,4581.08,0,2025,5,6,131,19
2025-05-12,47.69,4640.21,0,2025,5,0,132,20
2025-05-13,47.01,4624.39,0,2025,5,1,133,20
2025-05-14,45.67,4649.26,0,2025,5,2,134,20
2025-05-15,43.97,5049.31,0,2025,5,3,135,20
2025-05-16,43.64,4091.31,0,2025,5,4,136,20
2025-05-17,41.16,5136.05,0,2025,5,5,137,20
2025-05-18,41.05,4573.45,0,2025,5,6,138,20
2025-05-19,43.83,4793.99,0,2025,5,0,139,21
2025-05-20,42.59,4311.55,0,2025,5,1,140,21
2025-05-21,43.84,4285.44,0,2025,5,2,141,21
2025-05-22,41.9,4853.82,0,2025,5,3,142,21
2025-05-23,45.02,3920.17,0,2025,5,4,143,21
2025-05-24,47.33,4680.08,0,2025,5,5,144,21
2025-05-25,47.13,4771.35,0,2025,5,6,145,21
2025-05-26,49.17,4344.89,0,2025,5,0,146,22
2025-05-27,48.24,4380.36,0,2025,5,1,147,22
2025-05-28,48.34,4083.02,0,2025,5,2,148,22
2025-05-29,49.28,4488.14,0,2025,5,3,149,22
2025-05-30,48.47,4430.61,0,2025,5,4,150,22
2025-05-31,45.47,4200.28,0,2025,5,5,151,22
2025-06-01,47.03,4281.2,0,2025,6,6,152,22
2025-06-02,40.61,5698.25,1,2025,6,0,153,23
2025-06-03,42.37,5620.55,1,2025,6,1,154,23
2025-06-04,47.19,3981.53,0,2025,6,2,155,23
2025-06-05,48.4,4539.47,0,2025,6,3,156,23
2025-06-06,65.05,3424.28,0,2025,6,4,157,23
2025-06-07,64.48,3530.79,0,2025,6,5,158,23
2025-06-08,61.75,3488.84,0,2025,6,6,159,23
2025-06-09,60.54,3865.6,0,2025,6,0,160,24
2025-06-10,60.72,3773.51,0,2025,6,1,161,24
2025-06-11,61.93,4017.42,0,2025,6,2,162,24
2025-06-12,63.0,3744.37,0,2025,6,3,163,24
2025-06-13,60.9,3644.29,0,2025,6,4,164,24
2025-06-14,59.74,3541.08,0,2025,6,5,165,24
2025-06-15,60.35,3992.24,0,2025,6,6,166,24
2025-06-16,56.52,3839.11,0,2025,6,0,167,25
2025-06-17,55.53,3921.8,0,2025,6,1,168,25
2025-06-18,54.81,3957.76,0,2025,6,2,169,25
2025-06-19,55.12,3873.63,0,2025,6,3,170,25
2025-06-20,51.27,4139.93,0,2025,6,4,171,25
2025-06-21,48.73,4891.16,0,2025,6,5,172,25
2025-06-22,48.29,4021.34,0,2025,6,6,173,25
2025-06-23,42.25,5309.24,1,2025,6,0,174,26
2025-06-24,49.61,4684.64,0,2025,6,1,175,26
2025-06-25,49.53,4161.23,0,2025,6,2,176,26
2025-06-26,48.49,4190.36,0,2025,6,3,177,26
2025-06-27,48.67,4627.02,0,2025,6,4,178,26
2025-06-28,48.7,3889.01,0,2025,6,5,179,26
2025-06-29,50.98,4447.41,0,2025,6,6,180,26
2025-06-30,50.32,4247.91,0,2025,6,0,181,27
2025-07-01,49.14,4432.5,0,2025,7,1,182,27
2025-07-02,49.68,4400.04,0,2025,7,2,183,27
2025-07-03,49.78,4072.7,0,2025,7,3,184,27
2025-07-04,47.29,4701.02,0,2025,7,4,185,27
2025-07-05,47.95,4187.52,0,2025,7,5,186,27
2025-07-06,48.34,4455.9,0,2025,7,6,187,27
2025-07-07,47.97,4723.01,0,2025,7,0,188,28
2025-07-08,50.07,4659.93,0,2025,7,1,189,28
2025-07-09,48.19,4260.6,0,2025,7,2,190,28
2025-07-10,49.15,4431.66,0,2025,7,3,191,28
2025-07-11,48.84,4200.16,0,2025,7,4,192,28
2025-07-12,48.91,5055.55,0,2025,7,5,193,28
2025-07-13,49.3,4519.01,0,2025,7,6,194,28
2025-07-14,46.86,4432.2,0,2025,7,0,195,29
2025-07-15,47.26,4480.89,0,2025,7,1,196,29
2025-07-16,50.53,4345.43,0,2025,7,2,197,29
2025-07-17,46.91,4535.38,0,2025,7,3,198,29
2025-07-18,46.49,4353.55,0,2025,7,4,199,29
2025-07-19,47.84,4239.77,0,2025,7,5,200,29
2025-07-20,41.81,5631.87,1,2025,7,6,201,29
2025-07-21,47.66,4024.84,0,2025,7,0,202,30
2025-07-22,43.17,4807.19,0,2025,7,1,203,30
2025-07-23,44.45,4287.11,0,2025,7,2,204,30
2025-07-24,43.3,4266.81,0,2025,7,3,205,30
2025-07-25,44.14,4538.75,0,2025,7,4,206,30
2025-07-26,44.27,4497.51,0,2025,7,5,207,30
2025-07-27,43.6,5758.79,1,2025,7,6,208,30
2025-07-28,47.95,4182.25,0,2025,7,0,209,31
2025-07-29,47.1,4277.06,0,2025,7,1,210,31
2025-07-30,44.54,4730.4,0,2025,7,2,211,31
2025-07-31,45.33,4672.83,0,2025,7,3,212,31
2025-08-01,47.06,4573.67,0,2025,8,4,213,31
2025-08-02,47.04,4408.02,0,2025,8,5,214,31
2025-08-03,46.5,4475.63,0,2025,8,6,215,31
2025-08-04,46.11,4513.53,0,2025,8,0,216,32
2025-08-05,45.01,5427.1,1,2025,8,1,217,32
2025-08-06,48.97,4743.74,0,2025,8,2,218,32
2025-08-07,50.87,4606.18,0,2025,8,3,219,32
2025-08-08,41.8,5922.91,1,2025,8,4,220,32
2025-08-09,49.32,4156.0,0,2025,8,5,221,32
2025-08-10,48.76,4473.91,0,2025,8,6,222,32
2025-08-11,48.3,4628.3,0,2025,8,0,223,33
2025-08-12,48.61,3952.67,0,2025,8,1,224,33
2025-08-13,48.69,4823.88,0,2025,8,2,225,33
2025-08-14,48.78,3789.33,0,2025,8,3,226,33
2025-08-15,46.3,4646.33,0,2025,8,4,227,33
2025-08-16,44.87,4942.47,0,2025,8,5,228,33
2025-08-17,47.07,4362.65,0,2025,8,6,229,33
2025-08-18,45.91,4409.59,0,2025,8,0,230,34
2025-08-19,45.75,4662.55,0,2025,8,1,231,34
2025-08-20,46.67,4972.19,0,2025,8,2,232,34
2025-08-21,46.34,4348.72,0,2025,8,3,233,34
2025-08-22,46.18,4206.66,0,2025,8,4,234,34
2025-08-23,46.57,4294.46,0,2025,8,5,235,34
2025-08-24,42.33,4167.88,0,2025,8,6,236,34
2025-08-25,41.83,4927.75,0,2025,8,0,237,35
2025-08-26,42.98,4446.71,0,2025,8,1,238,35
2025-08-27,45.25,4425.21,0,2025,8,2,239,35
2025-08-28,44.95,4775.49,0,2025,8,3,240,35
2025-08-29,43.49,4462.63,0,2025,8,4,241,35
2025-08-30,42.62,4846.6,0,2025,8,5,242,35
2025-08-31,44.69,4203.94,0,2025,8,6,243,35
2025-09-01,44.61,4807.3,0,2025,9,0,244,36
2025-09-02,44.97,4604.15,0,2025,9,1,245,36
2025-09-03,46.25,4411.11,0,2025,9,2,246,36
2025-09-04,41.94,4692.46,0,2025,9,3,247,36
2025-09-05,46.32,4048.08,0,2025,9,4,248,36
2025-09-06,45.31,4517.08,0,2025,9,5,249,36
2025-09-07,46.05,4405.12,0,2025,9,6,250,36
2025-09-08,43.61,4191.86,0,2025,9,0,251,37
2025-09-09,40.74,5669.42,1,2025,9,1,252,37
2025-09-10,46.26,4398.29,0,2025,9,2,253,37
2025-09-11,43.15,4410.15,0,2025,9,3,254,37
2025-09-12,45.4,3756.18,0,2025,9,4,255,37
2025-09-13,41.24,6287.61,1,2025,9,5,256,37
2025-09-14,45.23,4445.89,0,2025,9,6,257,37
2025-09-15,42.7,4919.47,1,2025,9,0,258,38
2025-09-16,45.49,5115.76,0,2025,9,1,259,38
2025-09-17,43.26,4959.6,0,2025,9,2,260,38
2025-09-18,42.3,4530.28,0,2025,9,3,261,38
2025-09-19,39.87,4504.0,0,2025,9,4,262,38
2025-09-20,40.99,4821.3,0,2025,9,5,263,38
2025-09-21,43.53,4634.32,0,2025,9,6,264,38
2025-09-22,36.88,6388.37,1,2025,9,0,265,39
2025-09-23,39.06,4545.07,0,2025,9,1,266,39
2025-09-24,39.31,5113.81,0,2025,9,2,267,39
2025-09-25,40.06,4604.92,0,2025,9,3,268,39
2025-09-26,41.71,4868.6,0,2025,9,4,269,39
2025-09-27,41.41,4440.44,0,2025,9,5,270,39
2025-09-28,41.06,5491.68,0,2025,9,6,271,39
2025-09-29,43.05,4806.16,0,2025,9,0,272,40
2025-09-30,39.57,7046.18,1,2025,9,1,273,40
2025-10-01,44.43,4776.7,0,2025,10,2,274,40
2025-10-02,44.27,4368.0,0,2025,10,3,275,40
2025-10-03,45.56,4720.78,0,2025,10,4,276,40
2025-10-04,44.08,4816.1,0,2025,10,5,277,40
2025-10-05,42.9,4717.19,0,2025,10,6,278,40
2025-10-06,44.4,4718.95,0,2025,10,0,279,41
2025-10-07,41.9,4883.4,0,2025,10,1,280,41
2025-10-08,42.7,4316.96,0,2025,10,2,281,41
2025-10-09,42.59,4301.27,0,2025,10,3,282,41
2025-10-10,40.79,4472.39,0,2025,10,4,283,41
2025-10-11,40.13,4781.79,0,2025,10,5,284,41
2025-10-12,40.77,4644.49,0,2025,10,6,285,41
2025-10-13,39.02,5613.41,1,2025,10,0,286,42
2025-10-14,41.51,4907.25,0,2025,10,1,287,42
2025-10-15,43.25,4672.63,0,2025,10,2,288,42
2025-10-16,42.57,4672.05,0,2025,10,3,289,42
2025-10-17,43.81,4481.92,0,2025,10,4,290,42
2025-10-18,41.66,4553.33,0,2025,10,5,291,42
2025-10-19,40.86,4454.4,0,2025,10,6,292,42
2025-10-20,40.82,4988.96,0,2025,10,0,293,43
2025-10-21,35.75,5907.7,1,2025,10,1,294,43
2025-10-22,40.88,4768.59,0,2025,10,2,295,43
2025-10-23,36.81,5407.85,0,2025,10,3,296,43
2025-10-24,40.92,4604.48,0,2025,10,4,297,43
2025-10-25,41.47,4964.46,0,2025,10,5,298,43
2025-10-26,40.38,4901.69,0,2025,10,6,299,43
2025-10-27,39.12,4887.2,0,2025,10,0,300,44
2025-10-28,37.88,4985.28,0,2025,10,1,301,44
2025-10-29,39.38,4752.33,0,2025,10,2,302,44
2025-10-30,41.08,4706.26,0,2025,10,3,303,44
2025-10-31,40.66,4552.63,0,2025,10,4,304,44
2025-11-01,42.38,4643.31,0,2025,11,5,305,44
2025-11-02,40.67,4540.73,0,2025,11,6,306,44
2025-11-03,39.3,5086.51,0,2025,11,0,307,45
2025-11-04,42.76,4102.16,0,2025,11,1,308,45
2025-11-05,43.39,4724.76,0,2025,11,2,309,45
2025-11-06,45.06,4598.0,0,2025,11,3,310,45
2025-11-07,42.84,4681.76,0,2025,11,4,311,45
2025-11-08,41.14,5000.17,0,2025,11,5,312,45
2025-11-09,40.73,4627.41,0,2025,11,6,313,45
2025-11-10,39.66,4843.79,0,2025,11,0,314,46
2025-11-11,41.08,4181.06,0,2025,11,1,315,46
2025-11-12,34.36,6028.93,1,2025,11,2,316,46
2025-11-13,38.05,5104.29,0,2025,11,3,317,46
2025-11-14,33.08,5739.34,1,2025,11,4,318,46
2025-11-15,36.79,4958.24,0,2025,11,5,319,46
2025-11-16,34.56,4818.61,0,2025,11,6,320,46
2025-11-17,35.76,4928.95,0,2025,11,0,321,47
2025-11-18,33.64,4882.88,0,2025,11,1,322,47
2025-11-19,35.83,4584.31,0,2025,11,2,323,47
2025-11-20,29.11,6713.89,1,2025,11,3,324,47
2025-11-21,31.44,5163.32,0,2025,11,4,325,47
2025-11-22,32.51,5308.04,0,2025,11,5,326,47
2025-11-23,33.93,5291.9,0,2025,11,6,327,47
2025-11-24,35.47,5344.14,0,2025,11,0,328,48
2025-11-25,31.36,6478.94,1,2025,11,1,329,48
2025-11-26,34.82,5389.64,0,2025,11,2,330,48
2025-11-27,36.67,4624.01,0,2025,11,3,331,48
2025-11-28,38.45,5100.42,0,2025,11,4,332,48
2025-11-29,36.57,5059.31,0,2025,11,5,333,48
2025-11-30,33.47,6465.72,1,2025,11,6,334,48
2025-12-01,37.16,5025.21,0,2025,12,0,335,49
2025-12-02,38.19,4552.04,0,2025,12,1,336,49
2025-12-03,38.39,4471.67,0,2025,12,2,337,49
2025-12-04,38.82,5322.2,0,2025,12,3,338,49
2025-12-05,40.25,4687.06,0,2025,12,4,339,49
2025-12-06,38.66,4762.31,0,2025,12,5,340,49
2025-12-07,40.33,4402.72,0,2025,12,6,341,49
2025-12-08,42.09,4200.74,0,2025,12,0,342,50
2025-12-09,44.02,4522.36,0,2025,12,1,343,50
2025-12-10,39.63,4665.78,0,2025,12,2,344,50
2025-12-11,39.41,4780.13,0,2025,12,3,345,50
2025-12-12,36.46,4953.2,0,2025,12,4,346,50
2025-12-13,33.56,5818.96,0,2025,12,5,347,50
2025-12-14,35.25,4885.8,0,2025,12,6,348,50
2025-12-15,35.48,5450.13,0,2025,12,0,349,51
2025-12-16,36.54,5415.77,0,2025,12,1,350,51
2025-12-17,35.13,6636.63,1,2025,12,2,351,51
2025-12-18,39.06,4726.7,0,2025,12,3,352,51
2025-12-19,34.72,5754.38,1,2025,12,4,353,51
2025-12-20,42.0,4793.62,0,2025,12,5,354,51
2025-12-21,40.6,5025.8,0,2025,12,6,355,51
2025-12-22,41.89,5179.67,0,2025,12,0,356,52
2025-12-23,36.54,4638.16,0,2025,12,1,357,52
2025-12-24,38.34,4759.84,0,2025,12,2,358,52
2025-12-25,37.37,4598.45,0,2025,12,3,359,52
2025-12-26,34.12,4854.03,0,2025,12,4,360,52
2025-12-27,35.5,5174.14,0,2025,12,5,361,52
2025-12-28,35.51,4770.61,0,2025,12,6,362,52
2025-12-29,36.98,4653.78,0,2025,12,0,363,1
2025-12-30,38.8,5049.34,0,2025,12,1,364,1
2025-12-31,36.46,5062.2,0,2025,12,2,365,1
